1272,Kotka,Kymenlaakso,Finland
1091,Villemomble,Ile-de-France,France
188,Toledo,Ohio,United States
1273,Ancona,Marche,Italy
698,Chester,England,United Kingdom
1074,Longjumeau,Ile-de-France,France
994,Jerez de la Frontera,Andalusía,Spain
1564,Roubaix,Hauts-de-France,France
1221,Kingston on Soar,England,United Kingdom
132,Great Falls,Montana,United States
1154,Ferrara,Emilia-Romagna,Italy
1644,Unna,North Rhine-Westphalia,Germany
417,Tinley Park,Illinois,United States
1097,Duddington-with-Fineshade,England,United Kingdom
1353,La Madeleine,Hauts-de-France,France
248,Irving,Texas,United States
653,Namur,Namur,Belgium
239,Freeport,New York,United States
1067,Rostock,Mecklenburg-Vorpommern,Germany
961,Vesoul,Bourgogne-Franche-Comté,France
1032,Saint-Laurent-du-Var,Provence-Alpes-Côte d'Azur,France
1301,Potenza,Basilicata,Italy
785,Verona,Veneto,Italy
173,Omaha,Nebraska,United States
917,Bremen,Bremen,Germany
497,Helena,Montana,United States
101,Franklin,Massachusetts,United States
926,Carpentras,Provence-Alpes-Côte d'Azur,France
1454,Warthill,England,United Kingdom
586,Romeoville,Illinois,United States
1376,Sallanches,Auvergne-Rhône-Alpes,France
1283,Rovigo,Veneto,Italy
323,Moorhead,Minnesota,United States
190,Riverside,California,United States
668,Brest,Brittany,France
896,Toledo,Castile-La Mancha,Spain
1095,Elx,Valenciana,Spain
743,Champigny-sur-Marne,Ile-de-France,France
1277,Alessandria,Piedmont,Italy
426,Plantation,Florida,United States
723,Ermont,Ile-de-France,France
548,Wilson,North Carolina,United States
985,Mougins,Provence-Alpes-Côte d'Azur,France
218,Reno,Nevada,United States
706,Grasse,Provence-Alpes-Côte d'Azur,France
1380,Imola,Emilia-Romagna,Italy
1473,Falconara Marittima,Marche,Italy
1587,Vignola,Emilia-Romagna,Italy
1556,Cinisello Balsamo,Lombardy,Italy
1249,Lunel,Languedoc-Roussillon-Midi-Pyrénées,France
405,Maple Grove,Minnesota,United States
538,Cambridge,Massachusetts,United States
321,Ontario,California,United States
1580,Purmerend,North Holland,Netherlands
731,Linz,Upper Austria,Austria
1027,Ghent,East Flanders,Belgium
371,Haltom City,Texas,United States
1526,Carpi,Emilia-Romagna,Italy
930,Emden,Lower Saxony,Germany
134,Montgomery,Alabama,United States
170,Richmond,Virginia,United States
217,Cuyahoga Falls,Ohio,United States
1325,Oviedo,Asturias,Spain
881,Epinal,Alsace-Champagne-Ardenne-Lorraine,France
1017,St. Kew,England,United Kingdom
889,Albacete,Castile-La Mancha,Spain
36,Charlotte,North Carolina,United States
23,Chicago,Illinois,United States
220,Escondido,California,United States
689,Perpignan,Languedoc-Roussillon-Midi-Pyrénées,France
557,Normal,Illinois,United States
832,Neuilly-sur-Seine,Ile-de-France,France
1065,Cluses,Auvergne-Rhône-Alpes,France
1442,Dronfield,England,United Kingdom
83,Belleville,New Jersey,United States
560,Camarillo,California,United States
1328,Chatham,England,United Kingdom
871,Novara,Piedmont,Italy
103,Des Moines,Washington,United States
914,Quimper,Brittany,France
1436,Vertou,Pays de la Loire,France
641,Nuremberg,Bavaria,Germany
191,Torrance,California,United States
273,Lafayette,Louisiana,United States
461,Bullhead City,Arizona,United States
748,Palaiseau,Ile-de-France,France
1517,Troyes,Alsace-Champagne-Ardenne-Lorraine,France
1237,Neunkirchen,Saarland,Germany
984,Sarreguemines,Alsace-Champagne-Ardenne-Lorraine,France
1004,Geneva,Geneva,Switzerland
1657,Vlaardingen,South Holland,Netherlands
1648,Wolfsburg,Lower Saxony,Germany
1481,Santiago de Compostela,Galicia,Spain
883,Molfetta,Apulia,Italy
1285,Barakaldo,Basque Country,Spain
326,Ormond Beach,Florida,United States
1177,La Spezia,Liguria,Italy
209,Encinitas,California,United States
285,Auburn,Washington,United States
1257,Bracknell,England,United Kingdom
197,Jacksonville,North Carolina,United States
459,Redmond,Washington,United States
1096,Avon,Ile-de-France,France
636,Hasselt,Limburg,Belgium
108,Wilmington,North Carolina,United States
456,Port Arthur,Texas,United States
1381,Cavaillon,Provence-Alpes-Côte d'Azur,France
35,Aurora,Colorado,United States
345,Southaven,Mississippi,United States
794,Esbjerg,South Denmark,Denmark
203,Rockford,Illinois,United States
309,Oklahoma City,Oklahoma,United States
16,Melbourne,Florida,United States
328,Dover,New Hampshire,United States
591,Aberdeen,South Dakota,United States
1099,Istres,Provence-Alpes-Côte d'Azur,France
1199,Vantaa,Uusimaa,Finland
82,Colorado Springs,Colorado,United States
1173,Livingston,Scotland,United Kingdom
805,Neubrandenburg,Mecklenburg-Vorpommern,Germany
207,Monroe,North Carolina,United States
183,Concord,New Hampshire,United States
935,Stavanger,Rogaland,Norway
104,Peoria,Illinois,United States
94,Austin,Texas,United States
1132,Vagos,Aveiro,Portugal
174,Edmonds,Washington,United States
931,Frankfurt,Hesse,Germany
145,Vallejo,California,United States
1656,Gandia,Valenciana,Spain
877,Ceuta,Ceuta,Spain
1629,Vittoria,Sicily,Italy
1393,Tournai,Hainaut,Belgium
50,San Jose,California,United States
1622,Cournon-d'Auvergne,Auvergne-Rhône-Alpes,France
353,Thousand Oaks,California,United States
1290,Chieti,Abruzzi,Italy
507,Rogers,Arkansas,United States
1561,Boscoreale,Campania,Italy
1647,Fontenay-le-Comte,Pays de la Loire,France
1655,Wuppertal,North Rhine-Westphalia,Germany
123,Amarillo,Texas,United States
798,Matosinhos,Porto,Portugal
1119,Ipswich,England,United Kingdom
830,Lund,Skåne,Sweden
796,Pforzheim,Baden-Württemberg,Germany
1351,Auxerre,Bourgogne-Franche-Comté,France
628,Karlsruhe,Baden-Württemberg,Germany
670,Ulm,Baden-Württemberg,Germany
1491,Savona,Liguria,Italy
473,Lewiston,Idaho,United States
999,Digne-les-Bains,Provence-Alpes-Côte d'Azur,France
1568,Oberhausen,North Rhine-Westphalia,Germany
575,Kissimmee,Florida,United States
559,Saint Charles,Illinois,United States
1527,Palencia,Castile and León,Spain
528,Kenner,Louisiana,United States
1258,Schiedam,South Holland,Netherlands
709,Issy-les-Moulineaux,Ile-de-France,France
263,Everett,Massachusetts,United States
1548,Marl,North Rhine-Westphalia,Germany
1322,Draguignan,Provence-Alpes-Côte d'Azur,France
360,Passaic,New Jersey,United States
1502,Sucy-en-Brie,Ile-de-France,France
604,Woodstock,Georgia,United States
449,Deer Park,Texas,United States
295,Spokane,Washington,United States
463,Fargo,North Dakota,United States
1415,Gummersbach,North Rhine-Westphalia,Germany
618,Chaville,Ile-de-France,France
745,Bolzano,Trentino-Alto Adige,Italy
717,Trapani,Sicily,Italy
826,Osny,Ile-de-France,France
1461,Les Pavillons-sous-Bois,Ile-de-France,France
303,Springfield,Oregon,United States
1327,Oldham,England,United Kingdom
276,Plano,Texas,United States
1642,Acerra,Campania,Italy
307,Springfield,Missouri,United States
1375,Saint-Michel-sur-Orge,Ile-de-France,France
707,Munich,Bavaria,Germany
1314,La Teste-de-Buch,Aquitaine-Limousin-Poitou-Charentes,France
1136,Arles,Provence-Alpes-Côte d'Azur,France
1334,Norderstedt,Schleswig-Holstein,Germany
454,Cranston,Rhode Island,United States
1496,Peer,Limburg,Belgium
1094,Sète,Languedoc-Roussillon-Midi-Pyrénées,France
427,Port Saint Lucie,Florida,United States
662,Tarragona,Catalonia,Spain
771,Chartres,Centre-Val de Loire,France
1309,Dreux,Centre-Val de Loire,France
1306,Grigny,Ile-de-France,France
752,Huddinge,Stockholm,Sweden
1426,Rambouillet,Ile-de-France,France
630,Rome,Lazio,Italy
462,Portage,Indiana,United States
1310,Hazebrouck,Hauts-de-France,France
733,Alicante,Valenciana,Spain
284,Olathe,Kansas,United States
1028,Birkenhead,England,United Kingdom
1494,Montgeron,Ile-de-France,France
90,Long Beach,California,United States
334,Kent,Ohio,United States
1592,Sanary-sur-Mer,Provence-Alpes-Côte d'Azur,France
251,Niagara Falls,New York,United States
1166,Passau,Bavaria,Germany
502,Bethlehem,Pennsylvania,United States
590,Pine Bluff,Arkansas,United States
1538,Hilversum,North Holland,Netherlands
1085,Grenoble,Auvergne-Rhône-Alpes,France
1162,Groningen,Groningen,Netherlands
278,Indianapolis,Indiana,United States
247,New Bedford,Massachusetts,United States
993,Velletri,Lazio,Italy
833,Leicester,England,United Kingdom
1440,Segovia,Castile and León,Spain
569,Morgan Hill,California,United States
637,Vienna,Vienna,Austria
817,Pau,Aquitaine-Limousin-Poitou-Charentes,France
783,Parla,Madrid,Spain
1222,Bournemouth,England,United Kingdom
314,Auburn,Alabama,United States
1559,Minden,North Rhine-Westphalia,Germany
664,Santander,Cantabria,Spain
98,Harlingen,Texas,United States
766,Huddersfield,England,United Kingdom
1317,Vanves,Ile-de-France,France
1062,Tarbes,Languedoc-Roussillon-Midi-Pyrénées,France
515,La Mesa,California,United States
1405,Lausanne,Vaud,Switzerland
404,Bolingbrook,Illinois,United States
336,Salt Lake City,Utah,United States
1649,Viersen,North Rhine-Westphalia,Germany
468,Mentor,Ohio,United States
128,Costa Mesa,California,United States
1650,Northwich,England,United Kingdom
235,Fairfield,California,United States
1055,Maisons-Laffitte,Ile-de-France,France
1217,Freiburg,Baden-Württemberg,Germany
700,Metz,Alsace-Champagne-Ardenne-Lorraine,France
1578,Oss,North Brabant,Netherlands
338,Knoxville,Tennessee,United States
72,Santa Clara,California,United States
1189,Paisley,Scotland,United Kingdom
909,Sindelfingen,Baden-Württemberg,Germany
1156,Annonay,Auvergne-Rhône-Alpes,France
1002,Graz,Styria,Austria
117,Jacksonville,Florida,United States
1155,Knook,England,United Kingdom
31,Rochester,Minnesota,United States
816,Saint-Avold,Alsace-Champagne-Ardenne-Lorraine,France
1324,Halifax,England,United Kingdom
979,Andria,Apulia,Italy
893,Lyon,Auvergne-Rhône-Alpes,France
331,Saint Louis,Missouri,United States
1308,Cártama,Andalusía,Spain
925,Treviso,Veneto,Italy
552,Montebello,California,United States
1135,Manresa,Catalonia,Spain
175,Santa Ana,California,United States
5,Seattle,Washington,United States
111,Louisville,Colorado,United States
989,Kidderminster,England,United Kingdom
277,Suffolk,Virginia,United States
1421,Faenza,Emilia-Romagna,Italy
290,Meriden,Connecticut,United States
1371,Ludwigsburg,Baden-Württemberg,Germany
44,Roseville,California,United States
1386,Aalen,Baden-Württemberg,Germany
982,Worcester,England,United Kingdom
411,Visalia,California,United States
530,Bartlett,Tennessee,United States
483,Marietta,Georgia,United States
1007,Versailles,Ile-de-France,France
1332,Erftstadt,North Rhine-Westphalia,Germany
1368,Lucerne,Lucerne,Switzerland
1595,Paderborn,North Rhine-Westphalia,Germany
606,West Bromwich,England,United Kingdom
1021,Brescia,Lombardy,Italy
127,Fayetteville,Arkansas,United States
180,Salinas,California,United States
781,Great Yarmouth,England,United Kingdom
827,Odense,South Denmark,Denmark
673,Alkmaar,North Holland,Netherlands
1579,Bayreuth,Bavaria,Germany
918,Carcassonne,Languedoc-Roussillon-Midi-Pyrénées,France
1044,La Roche-sur-Yon,Pays de la Loire,France
348,Sioux Falls,South Dakota,United States
1457,Cuenca,Castile-La Mancha,Spain
265,Appleton,Wisconsin,United States
876,Ercolano,Campania,Italy
177,Florence,Kentucky,United States
887,Cuxhaven,Lower Saxony,Germany
1345,Essen,North Rhine-Westphalia,Germany
153,Louisville,Kentucky,United States
921,Almelo,Overijssel,Netherlands
1643,Sorgues,Provence-Alpes-Côte d'Azur,France
856,Sevran,Ile-de-France,France
1124,Meaux,Ile-de-France,France
950,Leeuwarden,Friesland,Netherlands
1046,Pierrefitte-sur-Seine,Ile-de-France,France
927,Badajoz,Extremadura,Spain
824,Rotherham,England,United Kingdom
1398,Reading,England,United Kingdom
199,Olympia,Washington,United States
1069,Blackburn,England,United Kingdom
708,Gateshead,England,United Kingdom
1280,Getxo,Basque Country,Spain
843,Domont,Ile-de-France,France
1015,Neu-Ulm,Bavaria,Germany
844,Conflans-Sainte-Honorine,Ile-de-France,France
1522,Lisieux,Normandy,France
784,Villeneuve-sur-Lot,Aquitaine-Limousin-Poitou-Charentes,France
319,Lakewood,Ohio,United States
605,Leeds,England,United Kingdom
1157,Dinslaken,North Rhine-Westphalia,Germany
1010,Breda,North Brabant,Netherlands
614,Heilbronn,Baden-Württemberg,Germany
1246,Rennes,Brittany,France
341,Marion,Ohio,United States
1458,Arnhem,Gelderland,Netherlands
224,Buffalo,New York,United States
546,Commerce City,Colorado,United States
1215,Dos Hermanas,Andalusía,Spain
1093,Montmorency,Ile-de-France,France
99,Tucson,Arizona,United States
410,Grand Rapids,Michigan,United States
1150,Darmstadt,Hesse,Germany
167,Bossier City,Louisiana,United States
344,Bangor,Maine,United States
1565,Melilla,Melilla,Spain
1418,Halesowen,England,United Kingdom
974,Garches,Ile-de-France,France
1026,Bar-le-Duc,Alsace-Champagne-Ardenne-Lorraine,France
166,Cottage Grove,Minnesota,United States
1231,Getafe,Madrid,Spain
474,Hattiesburg,Mississippi,United States
160,Palm Coast,Florida,United States
1450,Southport,England,United Kingdom
1131,Thonon-les-Bains,Auvergne-Rhône-Alpes,France
15,Naperville,Illinois,United States
281,Greensboro,North Carolina,United States
363,Jamestown,New York,United States
1618,Marly-le-Roi,Ile-de-France,France
282,Baltimore,Maryland,United States
1479,Herford,North Rhine-Westphalia,Germany
665,Amadora,Lisbon,Portugal
489,League City,Texas,United States
1204,Villenave-d'Ornon,Aquitaine-Limousin-Poitou-Charentes,France
1330,Lecce,Apulia,Italy
1616,Siegen,North Rhine-Westphalia,Germany
407,Missouri City,Texas,United States
573,Rapid City,South Dakota,United States
540,Beverly,Massachusetts,United States
973,Bergen,Hordaland,Norway
1472,Olivet,Centre-Val de Loire,France
438,Edinburg,Texas,United States
862,Eakring,England,United Kingdom
1339,Bremerhaven,Bremen,Germany
1554,La Chapelle-sur-Erdre,Pays de la Loire,France
1349,Les Ulis,Ile-de-France,France
1259,Zeist,Utrecht,Netherlands
332,Quincy,Massachusetts,United States
396,Sterling Heights,Michigan,United States
1298,Halluin,Hauts-de-France,France
1261,Duisburg,North Rhine-Westphalia,Germany
647,Pantin,Ile-de-France,France
1129,Bergamo,Lombardy,Italy
1200,Albi,Languedoc-Roussillon-Midi-Pyrénées,France
1346,Montecatini Terme,Tuscany,Italy
704,Offenbach,Hesse,Germany
391,Highland Park,Illinois,United States
676,Marseille,Provence-Alpes-Côte d'Azur,France
333,Manteca,California,United States
607,Le Bouscat,Aquitaine-Limousin-Poitou-Charentes,France
1558,Mont-Saint-Aignan,Normandy,France
1590,Burgerbrug,North Holland,Netherlands
598,Dublin,California,United States
151,Aurora,Illinois,United States
663,Durrus,Cork,Ireland
688,Birmingham,England,United Kingdom
95,Lowell,Massachusetts,United States
588,Laurel,Maryland,United States
975,Bad Waldsee,Baden-Württemberg,Germany
1110,Schweinfurt,Bavaria,Germany
487,Oak Park,Illinois,United States
71,Tampa,Florida,United States
959,Acireale,Sicily,Italy
735,Vitoria,Basque Country,Spain
67,Medina,Ohio,United States
596,Coon Rapids,Minnesota,United States
638,Sabadell,Catalonia,Spain
1106,Venice,Veneto,Italy
1122,Aix-en-Provence,Provence-Alpes-Côte d'Azur,France
660,Castelldefels,Catalonia,Spain
1391,Cestas,Aquitaine-Limousin-Poitou-Charentes,France
744,Avignon,Provence-Alpes-Côte d'Azur,France
448,Hollywood,Florida,United States
611,Kassel,Hesse,Germany
603,Mason,Ohio,United States
1540,Nogent-sur-Oise,Hauts-de-France,France
208,Clinton,Maryland,United States
458,The Colony,Texas,United States
1410,Granollers,Catalonia,Spain
53,San Antonio,Texas,United States
1412,Choisy-le-Roi,Ile-de-France,France
495,Loveland,Colorado,United States
77,Chapel Hill,North Carolina,United States
1266,Eggenstein-Leopoldshafen,Baden-Württemberg,Germany
1048,Prato,Tuscany,Italy
674,Pontault-Combault,Ile-de-France,France
1518,Lingolsheim,Alsace-Champagne-Ardenne-Lorraine,France
1292,Genk,Limburg,Belgium
1456,Chioggia,Veneto,Italy
685,Celle,Lower Saxony,Germany
1061,Talavera de la Reina,Castile-La Mancha,Spain
1539,Leverkusen,North Rhine-Westphalia,Germany
654,Marano di Napoli,Campania,Italy
997,Utrecht,Utrecht,Netherlands
1660,Vernon,Normandy,France
898,Laval,Pays de la Loire,France
22,Troy,New York,United States
791,Villeurbanne,Auvergne-Rhône-Alpes,France
75,Pasadena,Texas,United States
310,Chesapeake,Virginia,United States
257,North Las Vegas,Nevada,United States
70,Columbia,Tennessee,United States
1111,Shrewsbury,England,United Kingdom
1186,Cropton,England,United Kingdom
1443,Koblenz,Rhineland-Palatinate,Germany
447,Miramar,Florida,United States
397,Eau Claire,Wisconsin,United States
742,Northampton,England,United Kingdom
948,Exeter,England,United Kingdom
1184,Cheltenham,England,United Kingdom
1581,Saint-Quentin,Hauts-de-France,France
1232,Coudekerque-Branche,Hauts-de-France,France
1086,Pamplona,Navarra,Spain
1139,Elbeuf,Normandy,France
195,Virginia Beach,Virginia,United States
1073,Heerlen,Limburg,Netherlands
269,Grapevine,Texas,United States
1628,Torcy,Ile-de-France,France
1364,Knotting,England,United Kingdom
1455,Hamm,North Rhine-Westphalia,Germany
1236,Wallasey,England,United Kingdom
648,Hamburg,Hamburg,Germany
821,Villach,Carinthia,Austria
547,Texas City,Texas,United States
476,Mount Pleasant,Michigan,United States
296,Keller,Texas,United States
370,Woodstock,Illinois,United States
1557,Eragny,Ile-de-France,France
956,Clermont-Ferrand,Auvergne-Rhône-Alpes,France
1447,Hildesheim,Lower Saxony,Germany
1490,Hove,England,United Kingdom
678,San Sebastian,Basque Country,Spain
1137,Parma,Emilia-Romagna,Italy
1503,Cosenza,Calabria,Italy
1063,Portsmouth,England,United Kingdom
1521,Loos,Hauts-de-France,France
1373,Bayonne,Aquitaine-Limousin-Poitou-Charentes,France
1427,Saint-Louis,Alsace-Champagne-Ardenne-Lorraine,France
977,Halle,Saxony-Anhalt,Germany
1495,Hamme,East Flanders,Belgium
788,Glasgow,Scotland,United Kingdom
1251,Rueil-Malmaison,Ile-de-France,France
1658,Vigevano,Lombardy,Italy
838,Baden-Baden,Baden-Württemberg,Germany
1201,Mijas,Andalusía,Spain
566,Longmont,Colorado,United States
19,Dover,Delaware,United States
1357,Gardanne,Provence-Alpes-Côte d'Azur,France
1138,Brussels,Brussels,Belgium
1105,Mantes-la-Ville,Ile-de-France,France
1214,La Rochelle,Aquitaine-Limousin-Poitou-Charentes,France
563,Modesto,California,United States
1208,Vigo,Galicia,Spain
1544,Louviers,Normandy,France
308,Paterson,New Jersey,United States
1630,Schiffweiler,Saarland,Germany
1459,Treviglio,Lombardy,Italy
45,Independence,Missouri,United States
246,Mobile,Alabama,United States
442,Woonsocket,Rhode Island,United States
1586,Rouen,Normandy,France
288,Raleigh,North Carolina,United States
915,Delmenhorst,Lower Saxony,Germany
1532,Mons-en-Baroeul,Hauts-de-France,France
40,Bristol,Tennessee,United States
496,Chandler,Arizona,United States
245,Parma,Ohio,United States
1057,Agen,Aquitaine-Limousin-Poitou-Charentes,France
440,Greenwood,Indiana,United States
658,Vitry-sur-Seine,Ile-de-France,France
526,Owensboro,Kentucky,United States
750,Karlstad,Värmland,Sweden
996,Toul,Alsace-Champagne-Ardenne-Lorraine,France
79,Cincinnati,Ohio,United States
718,Poole,England,United Kingdom
924,Modena,Emilia-Romagna,Italy
933,Reims,Alsace-Champagne-Ardenne-Lorraine,France
905,Weimar,Thuringia,Germany
978,Le Mans,Pays de la Loire,France
681,Bedford,England,United Kingdom
572,East Point,Georgia,United States
250,Glendale,Arizona,United States
302,Florence,South Carolina,United States
423,Saint Cloud,Minnesota,United States
266,Bellevue,Washington,United States
1174,Girona,Catalonia,Spain
1588,Soissons,Hauts-de-France,France
57,Grand Prairie,Texas,United States
855,Helsinki,Uusimaa,Finland
237,Murray,Kentucky,United States
1134,Roanne,Auvergne-Rhône-Alpes,France
1507,Saint-Dizier,Alsace-Champagne-Ardenne-Lorraine,France
1508,Le Petit-Quevilly,Normandy,France
136,Green Bay,Wisconsin,United States
1484,Kaiserslautern,Rhineland-Palatinate,Germany
1192,Suresnes,Ile-de-France,France
490,Gaithersburg,Maryland,United States
815,Monza,Lombardy,Italy
1319,Fulda,Hesse,Germany
1329,Concarneau,Brittany,France
1070,Dudley,England,United Kingdom
1242,Vichy,Auvergne-Rhône-Alpes,France
451,Mcallen,Texas,United States
1652,Witten,North Rhine-Westphalia,Germany
512,Norfolk,Nebraska,United States
1460,Montereau-Fault-Yonne,Ile-de-France,France
1493,Gallarate,Lombardy,Italy
643,Cambridge,England,United Kingdom
541,Eugene,Oregon,United States
714,Uppsala,Uppsala,Sweden
1165,Bruree,Limerick,Ireland
1612,Issoire,Auvergne-Rhône-Alpes,France
1480,Herne,North Rhine-Westphalia,Germany
1140,Evreux,Normandy,France
594,Arlington Heights,Illinois,United States
137,Springfield,Ohio,United States
494,Georgetown,Kentucky,United States
1115,Upplands Väsby,Stockholm,Sweden
1535,Orsay,Ile-de-France,France
1599,Montceau-les-Mines,Bourgogne-Franche-Comté,France
54,Decatur,Illinois,United States
1223,Roeselare,West Flanders,Belgium
229,Long Beach,New York,United States
249,Vineland,New Jersey,United States
873,Montpellier,Languedoc-Roussillon-Midi-Pyrénées,France
1291,Goussainville,Ile-de-France,France
275,Skokie,Illinois,United States
983,Cardiff,Wales,United Kingdom
1158,Les Herbiers,Pays de la Loire,France
1469,Lagny-sur-Marne,Ile-de-France,France
30,Columbia,South Carolina,United States
1654,Ris-Orangis,Ile-de-France,France
176,Milwaukee,Wisconsin,United States
650,Antibes,Provence-Alpes-Côte d'Azur,France
891,Vicenza,Veneto,Italy
906,Alcobendas,Madrid,Spain
1218,Pesaro,Marche,Italy
436,Bloomington,Indiana,United States
226,Gulfport,Mississippi,United States
189,Farmington,New Mexico,United States
1601,Libourne,Aquitaine-Limousin-Poitou-Charentes,France
140,Salem,Oregon,United States
659,Villiers-le-Bel,Ile-de-France,France
861,Avion,Hauts-de-France,France
164,Evanston,Illinois,United States
1423,Gien,Centre-Val de Loire,France
780,Bordeaux,Aquitaine-Limousin-Poitou-Charentes,France
155,Tyler,Texas,United States
934,Lincoln,England,United Kingdom
455,Freeport,Illinois,United States
37,Orland Park,Illinois,United States
671,Nancy,Alsace-Champagne-Ardenne-Lorraine,France
1144,Saint-Germain-en-Laye,Ile-de-France,France
1344,Trieste,Friuli-Venezia Giulia,Italy
376,Lancaster,Ohio,United States
1247,Asti,Piedmont,Italy
399,Billings,Montana,United States
20,New Albany,Indiana,United States
584,Twin Falls,Idaho,United States
262,Bridgeton,New Jersey,United States
206,Oakland,California,United States
1185,Bry-sur-Marne,Ile-de-France,France
857,Maidstone,England,United Kingdom
597,San Clemente,California,United States
683,Irun,Basque Country,Spain
441,Lakewood,California,United States
260,Tempe,Arizona,United States
122,Park Ridge,Illinois,United States
418,Dubuque,Iowa,United States
1128,Potsdam,Brandenburg,Germany
403,Apple Valley,California,United States
42,Bloomington,Illinois,United States
1274,Mechelen,Antwerp,Belgium
1209,Kristiansand,Vest-Agder,Norway
1141,Franconville,Ile-de-France,France
1271,Vitrolles,Provence-Alpes-Côte d'Azur,France
1034,Castrop-Rauxel,North Rhine-Westphalia,Germany
1305,Bitonto,Apulia,Italy
1054,Noisy-le-Sec,Ile-de-France,France
1446,Venlo,Limburg,Netherlands
424,North Miami,Florida,United States
329,York,Pennsylvania,United States
133,Lakeland,Florida,United States
1359,Landerneau,Brittany,France
52,Carlsbad,New Mexico,United States
1275,Le Pontet,Provence-Alpes-Côte d'Azur,France
1389,Guildford,England,United Kingdom
1238,Mannheim,Baden-Württemberg,Germany
845,Elda,Valenciana,Spain
1390,Aalst,East Flanders,Belgium
152,Arlington,Texas,United States
1163,Lons-le-Saunier,Bourgogne-Franche-Comté,France
439,Baytown,Texas,United States
1197,Le Pré-Saint-Gervais,Ile-de-France,France
953,Watford,England,United Kingdom
885,Torrevieja,Valenciana,Spain
126,Rochester,New York,United States
508,Clovis,New Mexico,United States
523,Utica,New York,United States
259,Newark,Delaware,United States
491,Lehi,Utah,United States
443,Superior,Wisconsin,United States
1551,Menden,North Rhine-Westphalia,Germany
561,Hillsboro,Oregon,United States
500,Roseville,Michigan,United States
64,Franklin,Tennessee,United States
613,Brandenburg,Brandenburg,Germany
789,Argenteuil,Ile-de-France,France
1118,Sunderland,England,United Kingdom
553,El Cajon,California,United States
609,Aachen,North Rhine-Westphalia,Germany
1476,Cagnes-sur-Mer,Provence-Alpes-Côte d'Azur,France
1083,Trento,Trentino-Alto Adige,Italy
92,Murfreesboro,Tennessee,United States
212,Richmond,Indiana,United States
639,Argentan,Normandy,France
387,Redondo Beach,California,United States
1187,Cambrai,Hauts-de-France,France
244,Salem,Virginia,United States
1541,Trani,Apulia,Italy
112,Lawrence,Massachusetts,United States
386,Corpus Christi,Texas,United States
1355,Villiers-sur-Marne,Ile-de-France,France
720,Aulnay-sous-Bois,Ile-de-France,France
1603,Annecy-le-Vieux,Auvergne-Rhône-Alpes,France
318,Peoria,Arizona,United States
1193,Saint-Herblain,Pays de la Loire,France
1453,Athis-Mons,Ile-de-France,France
46,Pasadena,California,United States
1297,The Hague,South Holland,Netherlands
223,Coral Springs,Florida,United States
868,Le Plessis-Robinson,Ile-de-France,France
1244,Chelles,Ile-de-France,France
1620,Valenciennes,Hauts-de-France,France
73,Lakeville,Minnesota,United States
227,Fresno,California,United States
1363,Villeneuve-Saint-Georges,Ile-de-France,France
398,Pharr,Texas,United States
1170,Morley,England,United Kingdom
147,Rochester Hills,Michigan,United States
1153,Zamora,Castile and León,Spain
958,Preston,England,United Kingdom
433,Altoona,Pennsylvania,United States
813,Slough,England,United Kingdom
746,Washington,England,United Kingdom
293,Bristol,Connecticut,United States
234,Pueblo,Colorado,United States
1031,Fuengirola,Andalusía,Spain
1370,Chesterfield,England,United Kingdom
374,Hot Springs,Arkansas,United States
324,Mesquite,Texas,United States
150,Vancouver,Washington,United States
9,San Francisco,California,United States
1255,Regensburg,Bavaria,Germany
327,Sunnyvale,California,United States
574,Andover,Massachusetts,United States
1348,Verdun,Alsace-Champagne-Ardenne-Lorraine,France
1437,Pisa,Tuscany,Italy
992,Worms,Rhineland-Palatinate,Germany
615,Barcelona,Catalonia,Spain
1514,Guadalajara,Castile-La Mancha,Spain
219,Harrisonburg,Virginia,United States
814,Catania,Sicily,Italy
368,Nashville,Tennessee,United States
1270,Bath,England,United Kingdom
767,La Crau,Provence-Alpes-Côte d'Azur,France
214,Homestead,Florida,United States
692,Fontenay-aux-Roses,Ile-de-France,France
920,York,England,United Kingdom
367,Tallahassee,Florida,United States
870,Fareham,England,United Kingdom
645,Bayeux,Normandy,France
109,Huntington Beach,California,United States
1416,Lille,Hauts-de-France,France
904,Nottingham,England,United Kingdom
623,Mainz,Rhineland-Palatinate,Germany
1365,Trawden Forest,England,United Kingdom
1269,Dunstable,England,United Kingdom
1045,Norwich,England,United Kingdom
532,Lebanon,Tennessee,United States
252,Thomasville,North Carolina,United States
579,Sanford,Florida,United States
380,Vacaville,California,United States
395,Mount Pleasant,South Carolina,United States
1597,Basingstoke,England,United Kingdom
1435,Doncaster,England,United Kingdom
11,Philadelphia,Pennsylvania,United States
564,Garden City,Kansas,United States
703,Arnsberg,North Rhine-Westphalia,Germany
632,Mansfield,England,United Kingdom
1627,Tilburg,North Brabant,Netherlands
1577,Savigny-le-Temple,Ile-de-France,France
498,Kirkwood,Missouri,United States
878,Angers,Pays de la Loire,France
1148,Thionville,Alsace-Champagne-Ardenne-Lorraine,France
513,Draper,Utah,United States
431,Chula Vista,California,United States
444,Bedford,Texas,United States
1633,Slootdorp,North Holland,Netherlands
320,Perth Amboy,New Jersey,United States
289,Muskogee,Oklahoma,United States
1451,Viterbo,Lazio,Italy
4,Concord,North Carolina,United States
130,Atlanta,Georgia,United States
301,Missoula,Montana,United States
1438,Plaisir,Ile-de-France,France
792,Bourges,Centre-Val de Loire,France
672,Cannes,Provence-Alpes-Côte d'Azur,France
1081,Anglet,Aquitaine-Limousin-Poitou-Charentes,France
640,Stourbridge,England,United Kingdom
1114,Legnano,Lombardy,Italy
998,Eskilstuna,Södermanland,Sweden
1012,Bristol,England,United Kingdom
1060,Eastbourne,England,United Kingdom
181,New Brunswick,New Jersey,United States
1396,Manfredonia,Apulia,Italy
875,Saint-Denis,Ile-de-France,France
315,San Bernardino,California,United States
116,Gastonia,North Carolina,United States
1198,Dortmund,North Rhine-Westphalia,Germany
27,Memphis,Tennessee,United States
968,Bilbao,Basque Country,Spain
1528,Rubí,Catalonia,Spain
119,Auburn,New York,United States
1068,Courbevoie,Ile-de-France,France
858,Las Rozas de Madrid,Madrid,Spain
343,Burlington,Vermont,United States
238,Middletown,Connecticut,United States
355,Holyoke,Massachusetts,United States
732,Salzburg,Salzburg,Austria
657,Wiesbaden,Hesse,Germany
465,San Gabriel,California,United States
1463,Poissy,Ile-de-France,France
991,Modica,Sicily,Italy
1225,Neuilly-Plaisance,Ile-de-France,France
26,Jackson,Michigan,United States
775,Assen,Drenthe,Netherlands
695,Moncalieri,Piedmont,Italy
1169,Coslada,Madrid,Spain
68,Dublin,Ohio,United States
1241,Douai,Hauts-de-France,France
599,San Luis Obispo,California,United States
819,Carlisle,England,United Kingdom
1022,Saint-Chamond,Auvergne-Rhône-Alpes,France
1510,Hilden,North Rhine-Westphalia,Germany
510,Santa Barbara,California,United States
1606,Kortrijk,West Flanders,Belgium
299,Medford,Oregon,United States
156,Burlington,North Carolina,United States
884,Salamanca,Castile and León,Spain
1051,Cologne,North Rhine-Westphalia,Germany
1000,Bruges,West Flanders,Belgium
270,Carrollton,Texas,United States
1477,Bourgoin-Jallieu,Auvergne-Rhône-Alpes,France
342,Littleton,Colorado,United States
1047,La Seyne-sur-Mer,Provence-Alpes-Côte d'Azur,France
1075,Aberdeen,Scotland,United Kingdom
1482,Brive-la-Gaillarde,Aquitaine-Limousin-Poitou-Charentes,France
335,San Angelo,Texas,United States
724,Colmar,Alsace-Champagne-Ardenne-Lorraine,France
1403,Miramas,Provence-Alpes-Côte d'Azur,France
655,London,England,United Kingdom
43,Phoenix,Arizona,United States
869,Nantes,Pays de la Loire,France
1171,Malakoff,Ile-de-France,France
1265,Cartagena,Murcia,Spain
1452,Oldenburg,Lower Saxony,Germany
1312,Pomezia,Lazio,Italy
1035,Winterthur,Zürich,Switzerland
1102,Villefontaine,Auvergne-Rhône-Alpes,France
1159,Cottbus,Brandenburg,Germany
1417,Tournefeuille,Languedoc-Roussillon-Midi-Pyrénées,France
1545,Lippstadt,North Rhine-Westphalia,Germany
3,Fort Lauderdale,Florida,United States
1248,Greifswald,Mecklenburg-Vorpommern,Germany
1142,Carquefou,Pays de la Loire,France
200,Washington,District of Columbia,United States
340,Lincoln Park,Michigan,United States
230,Florence,Alabama,United States
322,Rancho Cucamonga,California,United States
76,Brentwood,California,United States
848,Hankerton,England,United Kingdom
1001,Copenhagen,Hovedstaden,Denmark
633,Newcastle upon Tyne,England,United Kingdom
49,Scottsdale,Arizona,United States
1005,Ajaccio,Corsica,France
1220,Erlangen,Bavaria,Germany
1233,Creil,Hauts-de-France,France
1515,Krefeld,North Rhine-Westphalia,Germany
1383,Majadahonda,Madrid,Spain
280,Fayetteville,North Carolina,United States
1511,Iserlohn,North Rhine-Westphalia,Germany
867,Hastings,England,United Kingdom
970,Bron,Auvergne-Rhône-Alpes,France
551,Everett,Washington,United States
919,Mickleby,England,United Kingdom
1080,Les Pennes-Mirabeau,Provence-Alpes-Côte d'Azur,France
828,Arras,Hauts-de-France,France
702,Drancy,Ile-de-France,France
264,Watertown,New York,United States
1474,Langenhagen,Lower Saxony,Germany
300,Charlottesville,Virginia,United States
511,Cedar Hill,Texas,United States
847,Aprilia,Lazio,Italy
25,Springfield,Virginia,United States
477,Logan,Utah,United States
1524,Terneuzen,Zeeland,Netherlands
306,Broomfield,Colorado,United States
120,Norman,Oklahoma,United States
965,Menton,Provence-Alpes-Côte d'Azur,France
1160,Corbeil-Essonnes,Ile-de-France,France
1337,Warrington,England,United Kingdom
533,Santa Maria,California,United States
272,Kent,Washington,United States
595,Oswego,Illinois,United States
1316,Eindhoven,North Brabant,Netherlands
158,Chester,Pennsylvania,United States
472,La Crosse,Wisconsin,United States
849,Molina de Segura,Murcia,Spain
1407,Grevenbroich,North Rhine-Westphalia,Germany
97,Manchester,Connecticut,United States
457,Citrus Heights,California,United States
304,Apopka,Florida,United States
1419,Montrouge,Ile-de-France,France
1605,Ratingen,North Rhine-Westphalia,Germany
505,Woodbury,Minnesota,United States
1506,Saint-Cyr-sur-Loire,Centre-Val de Loire,France
1478,Sartrouville,Ile-de-France,France
1504,Waiblingen,Baden-Württemberg,Germany
351,Clarksville,Tennessee,United States
846,Meyzieu,Auvergne-Rhône-Alpes,France
256,Pomona,California,United States
1229,Bourg-en-Bresse,Auvergne-Rhône-Alpes,France
625,Manchester,England,United Kingdom
388,Orlando,Florida,United States
850,Jena,Thuringia,Germany
823,Cergy,Ile-de-France,France
1098,Como,Lombardy,Italy
749,Pertuis,Provence-Alpes-Côte d'Azur,France
741,Rudge,England,United Kingdom
1195,Derby,England,United Kingdom
913,Sagunto,Valenciana,Spain
963,Palermo,Sicily,Italy
682,Pessac,Aquitaine-Limousin-Poitou-Charentes,France
556,Abilene,Texas,United States
1338,Fresnes,Ile-de-France,France
617,Puertollano,Castile-La Mancha,Spain
1640,Capannori,Tuscany,Italy
1077,Sceaux,Ile-de-France,France
1385,Vannes,Brittany,France
793,Mont-de-Marsan,Aquitaine-Limousin-Poitou-Charentes,France
1024,Vallauris,Provence-Alpes-Côte d'Azur,France
1560,Moers,North Rhine-Westphalia,Germany
1639,Doetinchem,Gelderland,Netherlands
1513,Auch,Languedoc-Roussillon-Midi-Pyrénées,France
364,Mishawaka,Indiana,United States
795,Nice,Provence-Alpes-Côte d'Azur,France
228,Greenville,North Carolina,United States
186,Norwich,Connecticut,United States
261,Laguna Niguel,California,United States
1434,Halle,North Rhine-Westphalia,Germany
96,Columbus,Georgia,United States
1175,Günzburg,Bavaria,Germany
1252,Lormont,Aquitaine-Limousin-Poitou-Charentes,France
415,Revere,Massachusetts,United States
61,Akron,Ohio,United States
346,New Castle,Indiana,United States
1323,Givors,Auvergne-Rhône-Alpes,France
1387,Montigny-le-Bretonneux,Ile-de-France,France
646,Saint-Genis-Laval,Auvergne-Rhône-Alpes,France
485,Wausau,Wisconsin,United States
1388,Lens,Hauts-de-France,France
24,Gilbert,Arizona,United States
12,Orem,Utah,United States
1354,Laon,Hauts-de-France,France
1465,Bressuire,Aquitaine-Limousin-Poitou-Charentes,France
1008,Berck,Hauts-de-France,France
416,Conroe,Texas,United States
38,Urbandale,Iowa,United States
32,Minneapolis,Minnesota,United States
1303,Aylesbury,England,United Kingdom
987,Borken,North Rhine-Westphalia,Germany
786,Bochum,North Rhine-Westphalia,Germany
679,Granada,Andalusía,Spain
719,Evry,Ile-de-France,France
725,Palma de Mallorca,Balearic Islands,Spain
1342,Maisons-Alfort,Ile-de-France,France
1505,Cuneo,Piedmont,Italy
651,Houilles,Ile-de-France,France
736,Sittard,Limburg,Netherlands
570,Clifton,New Jersey,United States
1289,Southampton,England,United Kingdom
1340,Hinckley,England,United Kingdom
384,Pompano Beach,Florida,United States
1100,Bagnolet,Ile-de-France,France
89,Saint Petersburg,Florida,United States
1205,Friedberg,Hesse,Germany
1439,Fontenay-sous-Bois,Ile-de-France,France
928,Cognac,Aquitaine-Limousin-Poitou-Charentes,France
1610,Foligno,Umbria,Italy
1267,Le Blanc-Mesnil,Ile-de-France,France
475,Danville,California,United States
93,Layton,Utah,United States
236,Deltona,Florida,United States
1574,Le Cannet,Provence-Alpes-Côte d'Azur,France
1651,Willich,North Rhine-Westphalia,Germany
1179,Pontivy,Brittany,France
453,Boise,Idaho,United States
1076,Montauban,Languedoc-Roussillon-Midi-Pyrénées,France
667,San Fernando,Andalusía,Spain
721,Haguenau,Alsace-Champagne-Ardenne-Lorraine,France
1646,Wilhelmshaven,Lower Saxony,Germany
6,Fort Worth,Texas,United States
680,Barry,Wales,United Kingdom
1598,Bideford,England,United Kingdom
225,Boynton Beach,Florida,United States
1039,Reus,Catalonia,Spain
677,Basildon,England,United Kingdom
1224,Helsingborg,Skåne,Sweden
901,Bonn,North Rhine-Westphalia,Germany
21,New York City,New York,United States
138,Anaheim,California,United States
1624,Villeparisis,Ile-de-France,France
842,Nanterre,Ile-de-France,France
1333,Veenendaal,Utrecht,Netherlands
165,Trenton,Michigan,United States
1512,Kerpen,North Rhine-Westphalia,Germany
39,Columbus,Ohio,United States
1424,Rillieux-la-Pape,Auvergne-Rhône-Alpes,France
1335,Lucca,Tuscany,Italy
990,Charleroi,Hainaut,Belgium
1191,Flensburg,Schleswig-Holstein,Germany
967,Crotone,Calabria,Italy
713,Coulommiers,Ile-de-France,France
392,Hempstead,New York,United States
835,Fiumicino,Lazio,Italy
48,Franklin,Wisconsin,United States
589,Bryan,Texas,United States
221,Royal Oak,Michigan,United States
187,Alexandria,Virginia,United States
1632,Voiron,Auvergne-Rhône-Alpes,France
751,Dewsbury,England,United Kingdom
1445,West Leake,England,United Kingdom
1058,Villingen-Schwenningen,Baden-Württemberg,Germany
980,Trappes,Ile-de-France,France
66,Saginaw,Michigan,United States
1025,Echirolles,Auvergne-Rhône-Alpes,France
705,Cerignola,Apulia,Italy
691,Estepona,Andalusía,Spain
414,Yucaipa,California,United States
907,Langen,Hesse,Germany
944,Solihull,England,United Kingdom
755,Amstelveen,North Holland,Netherlands
1059,Heidelberg,Baden-Württemberg,Germany
1343,Hayange,Alsace-Champagne-Ardenne-Lorraine,France
1594,Bebington,England,United Kingdom
1133,Goring-on-Thames,England,United Kingdom
479,Athens,Georgia,United States
1127,Bonneuil-sur-Marne,Ile-de-France,France
58,Redlands,California,United States
600,Springdale,Arkansas,United States
142,Grove City,Ohio,United States
243,Smyrna,Georgia,United States
316,Leominster,Massachusetts,United States
34,Saint Paul,Minnesota,United States
506,Oak Park,Michigan,United States
834,Wigan,England,United Kingdom
952,Blackpool,England,United Kingdom
1014,Mulhouse,Alsace-Champagne-Ardenne-Lorraine,France
1293,Pamiers,Languedoc-Roussillon-Midi-Pyrénées,France
1350,Gonesse,Ile-de-France,France
408,Pearland,Texas,United States
642,Southend-on-Sea,England,United Kingdom
976,Blois,Centre-Val de Loire,France
1103,Gloucester,England,United Kingdom
620,Alphen aan den Rijn,South Holland,Netherlands
240,Pico Rivera,California,United States
1230,Ponteareas,Galicia,Spain
1420,Horsey,England,United Kingdom
1006,Tulle,Aquitaine-Limousin-Poitou-Charentes,France
419,Dearborn Heights,Michigan,United States
860,Bari,Apulia,Italy
394,Apple Valley,Minnesota,United States
14,Richardson,Texas,United States
381,Murray,Utah,United States
874,Toulouse,Languedoc-Roussillon-Midi-Pyrénées,France
1250,Halmstad,Halland,Sweden
1172,Lisbon,Lisbon,Portugal
863,Kiel,Schleswig-Holstein,Germany
1104,Dieppe,Normandy,France
1433,Offenburg,Baden-Württemberg,Germany
690,Vigneux-sur-Seine,Ile-de-France,France
149,Sierra Vista,Arizona,United States
514,Ann Arbor,Michigan,United States
1253,Riom,Auvergne-Rhône-Alpes,France
737,Bergheim,North Rhine-Westphalia,Germany
1145,Gagny,Ile-de-France,France
697,Amiens,Hauts-de-France,France
757,Schiltigheim,Alsace-Champagne-Ardenne-Lorraine,France
1414,Sannois,Ile-de-France,France
1206,Siena,Tuscany,Italy
567,Davis,California,United States
1497,Saumur,Pays de la Loire,France
1379,Deventer,Overijssel,Netherlands
1009,Boulogne-sur-Mer,Hauts-de-France,France
1625,Stadtlohn,North Rhine-Westphalia,Germany
1576,Kilwinning,Scotland,United Kingdom
1295,Torremolinos,Andalusía,Spain
182,Lancaster,Pennsylvania,United States
1621,Lattes,Languedoc-Roussillon-Midi-Pyrénées,France
1487,Hartlepool,England,United Kingdom
1550,Chatou,Ile-de-France,France
255,Coppell,Texas,United States
649,Beaune,Bourgogne-Franche-Comté,France
854,Aschaffenburg,Bavaria,Germany
84,Taylor,Michigan,United States
1394,Gelsenkirchen,North Rhine-Westphalia,Germany
1168,Dorsten,North Rhine-Westphalia,Germany
1078,Gennevilliers,Ile-de-France,France
1167,Dormagen,North Rhine-Westphalia,Germany
1406,Gladbeck,North Rhine-Westphalia,Germany
1638,Wattrelos,Hauts-de-France,France
1361,Solna,Stockholm,Sweden
148,Plainfield,New Jersey,United States
558,Saint Charles,Missouri,United States
565,Atlantic City,New Jersey,United States
1501,Zwolle,Overijssel,Netherlands
292,South Bend,Indiana,United States
452,Iowa City,Iowa,United States
1613,Rheine,North Rhine-Westphalia,Germany
379,Frisco,Texas,United States
988,Bottrop,North Rhine-Westphalia,Germany
1604,Lannion,Brittany,France
509,Jupiter,Florida,United States
1013,Garbsen,Lower Saxony,Germany
1089,Swansea,Wales,United Kingdom
1120,Grosseto,Tuscany,Italy
525,Cheyenne,Wyoming,United States
1147,Nieuwegein,Utrecht,Netherlands
1190,Carvin,Hauts-de-France,France
1400,Berne,Bern,Switzerland
1555,Clydach,Wales,United Kingdom
1409,Gronau,North Rhine-Westphalia,Germany
684,Mantes-la-Jolie,Ile-de-France,France
800,Augsburg,Bavaria,Germany
1641,Troisdorf,North Rhine-Westphalia,Germany
1262,Biarritz,Aquitaine-Limousin-Poitou-Charentes,France
1466,Mouscron,Hainaut,Belgium
401,Chattanooga,Tennessee,United States
1207,Roissy-en-Brie,Ile-de-France,France
841,Saint-Malo,Brittany,France
839,Benidorm,Valenciana,Spain
201,Jefferson City,Missouri,United States
358,Coachella,California,United States
1260,Vence,Provence-Alpes-Côte d'Azur,France
1509,Chiclana de la Frontera,Andalusía,Spain
727,Stockholm,Stockholm,Sweden
1037,Montreuil,Ile-de-France,France
1331,Ennigerloh,North Rhine-Westphalia,Germany
469,Lawton,Oklahoma,United States
1614,Roosendaal,North Brabant,Netherlands
1537,Puteaux,Ile-de-France,France
350,Lafayette,Indiana,United States
1003,Latina,Lazio,Italy
102,Pembroke Pines,Florida,United States
253,Westminster,California,United States
562,Burbank,California,United States
1116,Worthing,England,United Kingdom
1143,Villeneuve-la-Garenne,Ile-de-France,France
168,Des Moines,Iowa,United States
626,Viroflay,Ile-de-France,France
1401,Stralsund,Mecklenburg-Vorpommern,Germany
486,Pasco,Washington,United States
542,Oxnard,California,United States
1549,Moulins,Auvergne-Rhône-Alpes,France
516,Pocatello,Idaho,United States
1087,Drammen,Buskerud,Norway
886,Genoa,Liguria,Italy
1113,Calais,Hauts-de-France,France
213,Antioch,California,United States
432,Manhattan,Kansas,United States
1188,El Prat de Llobregat,Catalonia,Spain
897,Bologna,Emilia-Romagna,Italy
577,Danbury,Connecticut,United States
146,Mission Viejo,California,United States
1212,Caserta,Campania,Italy
865,Saint-Cloud,Ile-de-France,France
492,Tuscaloosa,Alabama,United States
1313,Capua,Campania,Italy
1429,Gela,Sicily,Italy
1529,Munster,Lower Saxony,Germany
1318,Gillingham,England,United Kingdom
1617,Casoria,Campania,Italy
1079,Bagneux,Ile-de-France,France
1302,Colombes,Ile-de-France,France
1404,Avellino,Campania,Italy
1392,Euskirchen,North Rhine-Westphalia,Germany
612,Milan,Lombardy,Italy
1178,Whitley,England,United Kingdom
258,Allentown,Pennsylvania,United States
936,Coventry,England,United Kingdom
185,Garland,Texas,United States
1082,Frederiksberg,Hovedstaden,Denmark
1488,Den Helder,North Holland,Netherlands
616,Swindon,England,United Kingdom
2,Los Angeles,California,United States
139,Marysville,Washington,United States
753,Delft,South Holland,Netherlands
1593,Tourcoing,Hauts-de-France,France
1583,El Escorial,Madrid,Spain
1123,Redditch,England,United Kingdom
1294,East Kilbride,Scotland,United Kingdom
215,La Porte,Indiana,United States
1462,Stains,Ile-de-France,France
734,Montfermeil,Ile-de-France,France
470,Hampton,Virginia,United States
932,Pescara,Abruzzi,Italy
537,Waterloo,Iowa,United States
585,Coral Gables,Florida,United States
675,Sheffield,England,United Kingdom
222,Rockville,Maryland,United States
954,Ingolstadt,Bavaria,Germany
761,Tours,Centre-Val de Loire,France
1235,Agde,Languedoc-Roussillon-Midi-Pyrénées,France
1090,Alby with Thwaite,England,United Kingdom
1553,Ronchin,Hauts-de-France,France
544,Glenview,Illinois,United States
773,Leipzig,Saxony,Germany
10,Fremont,Nebraska,United States
619,Sonneberg,Thuringia,Germany
774,Limoges,Aquitaine-Limousin-Poitou-Charentes,France
644,Rugby,England,United Kingdom
1566,Dole,Bourgogne-Franche-Comté,France
669,Trier,Rhineland-Palatinate,Germany
501,Frankfort,Illinois,United States
1296,Carrara,Tuscany,Italy
86,Arlington,Virginia,United States
1547,Melun,Ile-de-France,France
178,Lorain,Ohio,United States
298,Port Orange,Florida,United States
940,Ponferrada,Castile and León,Spain
428,Rock Hill,South Carolina,United States
635,Dijon,Bourgogne-Franche-Comté,France
687,Albertville,Auvergne-Rhône-Alpes,France
347,Midland,Michigan,United States
1571,Varese,Lombardy,Italy
211,Jonesboro,Arkansas,United States
539,Palatine,Illinois,United States
872,Montargis,Centre-Val de Loire,France
352,Sacramento,California,United States
1284,Arezzo,Tuscany,Italy
1570,Senlis,Hauts-de-France,France
768,Stafford,England,United Kingdom
880,South Shields,England,United Kingdom
1441,Fontainebleau,Ile-de-France,France
1636,Loures,Lisbon,Portugal
267,Allen,Texas,United States
942,Le Chesnay,Ile-de-France,France
610,Thiais,Ile-de-France,France
1164,Gap,Provence-Alpes-Côte d'Azur,France
760,Taranto,Apulia,Italy
900,Turin,Piedmont,Italy
85,Lakewood,New Jersey,United States
1108,Peterborough,England,United Kingdom
1256,San Severo,Apulia,Italy
945,Stockport,England,United Kingdom
383,Bakersfield,California,United States
779,Luton,England,United Kingdom
1369,Clontarf,Dublin,Ireland
1422,Cumbernauld,Scotland,United Kingdom
1582,Blanquefort,Aquitaine-Limousin-Poitou-Charentes,France
434,Thornton,Colorado,United States
818,Espoo,Uusimaa,Finland
29,Durham,North Carolina,United States
851,Cagliari,Sardinia,Italy
1546,Outreau,Hauts-de-France,France
890,Nijmegen,Gelderland,Netherlands
233,Providence,Rhode Island,United States
712,Naples,Campania,Italy
162,Hialeah,Florida,United States
78,Morristown,New Jersey,United States
1483,Illkirch-Graffenstaden,Alsace-Champagne-Ardenne-Lorraine,France
1299,Hautmont,Hauts-de-France,France
41,Wilmington,Delaware,United States
121,Concord,California,United States
809,Les Lilas,Ile-de-France,France
1635,Afragola,Campania,Italy
1573,Le Creusot,Bourgogne-Franche-Comté,France
1475,Lanester,Brittany,France
1264,Portici,Campania,Italy
313,Johnson City,Tennessee,United States
159,Cary,North Carolina,United States
776,Valence,Auvergne-Rhône-Alpes,France
1126,Bognor Regis,England,United Kingdom
325,Stockton,California,United States
113,Jackson,Mississippi,United States
1619,Solingen,North Rhine-Westphalia,Germany
294,Henderson,Nevada,United States
853,Colchester,England,United Kingdom
1366,Haninge,Stockholm,Sweden
400,Gresham,Oregon,United States
941,Massy,Ile-de-France,France
317,Bozeman,Montana,United States
1336,Fleury-les-Aubrais,Centre-Val de Loire,France
939,Alfortville,Ile-de-France,France
929,Ludwigshafen am Rhein,Rhineland-Palatinate,Germany
951,Colomiers,Languedoc-Roussillon-Midi-Pyrénées,France
981,Lorient,Brittany,France
1239,Benevento,Campania,Italy
964,Busto Arsizio,Lombardy,Italy
722,Harrogate,England,United Kingdom
971,Reutlingen,Baden-Württemberg,Germany
478,Waterbury,Connecticut,United States
808,Antwerp,Antwerp,Belgium
1203,Fuenlabrada,Madrid,Spain
803,Valencia,Valenciana,Spain
385,Troy,Ohio,United States
378,Hoover,Alabama,United States
1030,El Ejido,Andalusía,Spain
1428,Civitavecchia,Lazio,Italy
1180,Neuilly-sur-Marne,Ile-de-France,France
450,Wichita,Kansas,United States
163,Oceanside,New York,United States
1585,Barneveld,Gelderland,Netherlands
1056,Frontignan,Languedoc-Roussillon-Midi-Pyrénées,France
1053,Wakefield,England,United Kingdom
1279,Graveney with Goodnestone,England,United Kingdom
402,Meridian,Idaho,United States
65,Whittier,California,United States
571,Sheboygan,Wisconsin,United States
1489,Haarlem,North Holland,Netherlands
232,Cedar Rapids,Iowa,United States
80,Inglewood,California,United States
696,Chilly-Mazarin,Ile-de-France,France
949,Reggio nell'Emilia,Emilia-Romagna,Italy
87,Arvada,Colorado,United States
430,West Allis,Wisconsin,United States
1300,Saint-Gratien,Ile-de-France,France
1101,Stevenage,England,United Kingdom
105,Las Vegas,Nevada,United States
192,Round Rock,Texas,United States
1352,Teramo,Abruzzi,Italy
389,Orange,New Jersey,United States
129,Parker,Colorado,United States
756,Livry-Gargan,Ile-de-France,France
1449,Ivry-sur-Seine,Ile-de-France,France
62,Denver,Colorado,United States
769,Moissy-Cramayel,Ile-de-France,France
764,Vincennes,Ile-de-France,France
480,Lewiston,Maine,United States
1287,Mauguio,Languedoc-Roussillon-Midi-Pyrénées,France
409,San Mateo,California,United States
312,Columbia,Missouri,United States
1112,Marsala,Sicily,Italy
568,Wheeling,West Virginia,United States
372,Wheeling,Illinois,United States
337,Huntsville,Alabama,United States
840,Cormeilles-en-Parisis,Ile-de-France,France
1125,Tremblay-en-France,Ile-de-France,France
1444,Valdemoro,Madrid,Spain
1254,Kettering,England,United Kingdom
17,Eagan,Minnesota,United States
578,Marion,Iowa,United States
937,Six-Fours-les-Plages,Provence-Alpes-Côte d'Azur,France
279,Bayonne,New Jersey,United States
762,Woking,England,United Kingdom
231,Macon,Georgia,United States
960,Middlesbrough,England,United Kingdom
972,Niort,Aquitaine-Limousin-Poitou-Charentes,France
1525,Douarnenez,Brittany,France
729,Belfort,Bourgogne-Franche-Comté,France
536,Hendersonville,Tennessee,United States
1659,Les Clayes-sous-Bois,Ile-de-France,France
1196,St. Gallen,St. Gallen,Switzerland
241,Provo,Utah,United States
7,Madison,Wisconsin,United States
820,Mâcon,Bourgogne-Franche-Comté,France
1431,Randers,Central Jutland,Denmark
1358,Saint-Jean-de-la-Ruelle,Centre-Val de Loire,France
375,Englewood,Colorado,United States
947,Badalona,Catalonia,Spain
406,Woodland,California,United States
1516,Naumburg,Saxony-Anhalt,Germany
1596,Dartford,England,United Kingdom
701,Antony,Ile-de-France,France
1492,Castelnau-le-Lez,Languedoc-Roussillon-Midi-Pyrénées,France
274,Tigard,Oregon,United States
471,Rome,New York,United States
464,Elkhart,Indiana,United States
1402,Huelva,Andalusía,Spain
864,Saint-Priest,Auvergne-Rhône-Alpes,France
715,Bergen op Zoom,North Brabant,Netherlands
852,Cholet,Pays de la Loire,France
962,Pontoise,Ile-de-France,France
361,North Charleston,South Carolina,United States
100,Quincy,Illinois,United States
802,Sandnes,Rogaland,Norway
1194,Tamworth,England,United Kingdom
1626,Stolberg,North Rhine-Westphalia,Germany
550,Goldsboro,North Carolina,United States
366,La Quinta,California,United States
484,Yuma,Arizona,United States
581,Greeley,Colorado,United States
888,Yerres,Ile-de-France,France
33,Portland,Oregon,United States
56,Fairfield,Connecticut,United States
1534,Aix-les-Bains,Auvergne-Rhône-Alpes,France
144,Warner Robins,Georgia,United States
1052,Basel,Basel-Stadt,Switzerland
287,Redmond,Oregon,United States
716,Saint-Brieuc,Brittany,France
627,Murcia,Murcia,Spain
911,Dublin,Dublin,Ireland
1,Henderson,Kentucky,United States
1356,Annemasse,Auvergne-Rhône-Alpes,France
1425,Hagen,North Rhine-Westphalia,Germany
1064,Rotterdam,South Holland,Netherlands
365,Bowling Green,Ohio,United States
1228,Clichy,Ile-de-France,France
1071,Chaumont,Alsace-Champagne-Ardenne-Lorraine,France
59,Hamilton,Ohio,United States
1377,Maastricht,Limburg,Netherlands
910,Annecy,Auvergne-Rhône-Alpes,France
429,Odessa,Texas,United States
125,Huntsville,Texas,United States
580,San Marcos,Texas,United States
1182,Villejuif,Ile-de-France,France
1531,La Celle-Saint-Cloud,Ile-de-France,France
895,Beauvais,Hauts-de-France,France
1397,Quartu Sant'Elena,Sardinia,Italy
518,Milford,Connecticut,United States
806,Wetzlar,Hesse,Germany
311,Lubbock,Texas,United States
131,Gladstone,Missouri,United States
1084,Bastia,Corsica,France
184,Columbia,Maryland,United States
63,Dallas,Texas,United States
894,Stoke-on-Trent,England,United Kingdom
1378,Amersfoort,Utrecht,Netherlands
801,Pozzuoli,Campania,Italy
1043,Weston-super-Mare,England,United Kingdom
204,Brownsville,Texas,United States
503,Roseville,Minnesota,United States
694,Burgos,Castile and León,Spain
631,Stuttgart,Baden-Württemberg,Germany
772,Turku,Finland Proper,Finland
297,Fairfield,Ohio,United States
829,Gosport,England,United Kingdom
1542,Vaulx-en-Velin,Auvergne-Rhône-Alpes,France
460,Daytona Beach,Florida,United States
879,Seraing,Liège,Belgium
922,Garforth,England,United Kingdom
969,Plymouth,England,United Kingdom
1130,Martigues,Provence-Alpes-Côte d'Azur,France
754,Dordrecht,South Holland,Netherlands
520,Lake Forest,California,United States
1107,Les Mureaux,Ile-de-France,France
1471,Kalundborg,Zealand,Denmark
763,Bezons,Ile-de-France,France
1210,Letchworth,England,United Kingdom
799,Ravenna,Emilia-Romagna,Italy
836,Foggia,Apulia,Italy
1413,Wooler,England,United Kingdom
1018,Hanover,Lower Saxony,Germany
1109,Anzio,Lazio,Italy
624,Nacka,Stockholm,Sweden
1278,Cremona,Lombardy,Italy
1362,Massa,Tuscany,Italy
1486,Herten,North Rhine-Westphalia,Germany
519,Buffalo Grove,Illinois,United States
804,Rimini,Emilia-Romagna,Italy
710,Saint-Nazaire,Pays de la Loire,France
1485,Tivoli,Lazio,Italy
1520,Salon-de-Provence,Provence-Alpes-Côte d'Azur,France
859,Montesson,Ile-de-France,France
51,Edmond,Oklahoma,United States
778,Messina,Sicily,Italy
759,Levallois-Perret,Ile-de-France,France
765,Sarcelles,Ile-de-France,France
437,Texarkana,Arkansas,United States
1653,Briton Ferry,Wales,United Kingdom
1117,La Ciotat,Provence-Alpes-Côte d'Azur,France
1181,Brindisi,Apulia,Italy
629,Madrid,Madrid,Spain
1282,Noisy-le-Grand,Ile-de-France,France
1367,Arganil,Coimbra,Portugal
179,Linden,New Jersey,United States
634,Paris,Ile-de-France,France
730,Burnley,England,United Kingdom
587,Marlborough,Massachusetts,United States
908,Emmen,Drenthe,Netherlands
1530,Maubeuge,Hauts-de-France,France
1395,Bamberg,Bavaria,Germany
28,Decatur,Alabama,United States
69,Detroit,Michigan,United States
242,Pleasant Grove,Utah,United States
504,Grand Island,Nebraska,United States
1121,Guidonia Montecelio,Lazio,Italy
1645,Velbert,North Rhine-Westphalia,Germany
1152,Detmold,North Rhine-Westphalia,Germany
555,West Palm Beach,Florida,United States
549,Rio Rancho,New Mexico,United States
1500,Verviers,Liège,Belgium
445,Covington,Washington,United States
608,Strasbourg,Alsace-Champagne-Ardenne-Lorraine,France
161,Mount Vernon,New York,United States
1176,Gera,Thuringia,Germany
1563,Barton in Fabis,England,United Kingdom
1226,Liverpool,England,United Kingdom
797,Florence,Tuscany,Italy
1637,Odivelas,Lisbon,Portugal
661,Abbeville,Hauts-de-France,France
1213,Rochefort,Aquitaine-Limousin-Poitou-Charentes,France
193,Oceanside,California,United States
1304,Chelmsford,England,United Kingdom
583,Elyria,Ohio,United States
986,Friedrichshafen,Baden-Württemberg,Germany
254,Jackson,Tennessee,United States
770,Seville,Andalusía,Spain
728,Castellammare di Stabia,Campania,Italy
1020,Walsall,England,United Kingdom
943,Marbella,Andalusía,Spain
1050,Oyonnax,Auvergne-Rhône-Alpes,France
286,Tulsa,Oklahoma,United States
739,Dresden,Saxony,Germany
1202,Meudon,Ile-de-France,France
1234,Lugo,Galicia,Spain
1543,Poitiers,Aquitaine-Limousin-Poitou-Charentes,France
1216,Piacenza,Emilia-Romagna,Italy
1634,Wasquehal,Hauts-de-France,France
1219,Torre del Greco,Campania,Italy
359,Elmhurst,Illinois,United States
1609,Ashford,England,United Kingdom
349,Fort Collins,Colorado,United States
1519,Plaisance-du-Touch,Languedoc-Roussillon-Midi-Pyrénées,France
602,La Porte,Texas,United States
481,Danville,Illinois,United States
699,Sant Boi de Llobregat,Catalonia,Spain
169,Lancaster,California,United States
1360,Millau,Languedoc-Roussillon-Midi-Pyrénées,France
362,Newport News,Virginia,United States
758,Ludwigsfelde,Brandenburg,Germany
1072,Mitry-Mory,Ile-de-France,France
1384,Crewe,England,United Kingdom
1611,Hardenberg,Overijssel,Netherlands
1320,Brighton,England,United Kingdom
60,Westfield,New Jersey,United States
141,Laredo,Texas,United States
172,Lake Elsinore,California,United States
1464,Chevilly-Larue,Ile-de-France,France
782,Fontaine,Auvergne-Rhône-Alpes,France
1347,Pontevedra,Galicia,Spain
305,Reading,Pennsylvania,United States
592,Hagerstown,Maryland,United States
202,Saint Peters,Missouri,United States
777,Bury,England,United Kingdom
1569,Orihuela,Valenciana,Spain
1562,Rottingdean,England,United Kingdom
390,Lake Charles,Louisiana,United States
446,Broken Arrow,Oklahoma,United States
377,Las Cruces,New Mexico,United States
1552,Cachan,Ile-de-France,France
831,Marignane,Provence-Alpes-Côte d'Azur,France
81,Tamarac,Florida,United States
882,Gothenburg,Västra Götaland,Sweden
1149,Rosny-sous-Bois,Ile-de-France,France
1533,Langenfeld,North Rhine-Westphalia,Germany
899,Amsterdam,North Holland,Netherlands
1448,Villeneuve-le-Roi,Ile-de-France,France
1036,Altamura,Apulia,Italy
271,Smyrna,Tennessee,United States
1066,Battipaglia,Campania,Italy
535,Longview,Washington,United States
356,Albuquerque,New Mexico,United States
1600,Batalha,Leiria,Portugal
554,Beaumont,Texas,United States
1326,St. Michael Penkevil,England,United Kingdom
923,Aubervilliers,Ile-de-France,France
18,Westland,Michigan,United States
466,Margate,Florida,United States
106,Warwick,Rhode Island,United States
1146,Sonderborg,South Denmark,Denmark
88,Hackensack,New Jersey,United States
210,Roswell,Georgia,United States
8,West Jordan,Utah,United States
711,Chemnitz,Saxony,Germany
1341,Le Havre,Normandy,France
995,Leuven,Flemish Brabant,Belgium
493,Moreno Valley,California,United States
1092,Perugia,Umbria,Italy
726,Capelle aan den IJssel,South Holland,Netherlands
205,Yonkers,New York,United States
1411,Agrigento,Sicily,Italy
1602,Pulheim,North Rhine-Westphalia,Germany
110,Richmond,Kentucky,United States
1033,Castres,Languedoc-Roussillon-Midi-Pyrénées,France
1575,Saint-Pierre-des-Corps,Centre-Val de Loire,France
966,Caen,Normandy,France
1042,Enschede,Overijssel,Netherlands
825,Zwickau,Saxony,Germany
545,Delray Beach,Florida,United States
143,Dearborn,Michigan,United States
738,Bergisch Gladbach,North Rhine-Westphalia,Germany
1049,Gradignan,Aquitaine-Limousin-Poitou-Charentes,France
1589,Uithoorn,North Holland,Netherlands
543,Renton,Washington,United States
938,Schwerin,Mecklenburg-Vorpommern,Germany
1288,Spijkenisse,South Holland,Netherlands
467,Sandy Springs,Georgia,United States
354,Malden,Massachusetts,United States
593,East Orange,New Jersey,United States
807,Edinburgh,Scotland,United Kingdom
1591,Allauch,Provence-Alpes-Côte d'Azur,France
866,Clint cum Hamlets,England,United Kingdom
1276,Widmerpool,England,United Kingdom
1567,Montbrison,Auvergne-Rhône-Alpes,France
91,Hesperia,California,United States
1631,Roermond,Limburg,Netherlands
522,Chico,California,United States
1016,Pistoia,Tuscany,Italy
196,Murrieta,California,United States
13,Houston,Texas,United States
154,Cleveland,Ohio,United States
1088,Valladolid,Castile and León,Spain
291,Bowling Green,Kentucky,United States
531,Redwood City,California,United States
529,Nashua,New Hampshire,United States
622,Taverny,Ile-de-France,France
957,Firminy,Auvergne-Rhône-Alpes,France
1227,Rosenheim,Bavaria,Germany
693,Deuil-la-Barre,Ile-de-France,France
903,Sesto San Giovanni,Lombardy,Italy
107,Miami,Florida,United States
1023,Bobigny,Ile-de-France,France
1470,Ploemeur,Brittany,France
1151,Bondy,Ile-de-France,France
1311,Lora del Río,Andalusía,Spain
1432,La Baule-Escoublac,Pays de la Loire,France
55,Monroe,Louisiana,United States
1041,Leiden,South Holland,Netherlands
1315,Paredes,Porto,Portugal
1399,Wolverhampton,England,United Kingdom
382,Waukesha,Wisconsin,United States
1281,Oullins,Auvergne-Rhône-Alpes,France
157,Waynesboro,Virginia,United States
955,Narbonne,Languedoc-Roussillon-Midi-Pyrénées,France
666,Berlin,Berlin,Germany
1584,Darlington,England,United Kingdom
1183,Clichy-sous-Bois,Ile-de-France,France
1374,Wels,Upper Austria,Austria
422,Carol Stream,Illinois,United States
1040,Innsbruck,Tyrol,Austria
1245,Nuneaton,England,United Kingdom
1408,Terras de Bouro,Braga,Portugal
268,El Paso,Texas,United States
1623,Villeneuve-d'Ascq,Hauts-de-France,France
198,Burlington,Iowa,United States
171,Asheville,North Carolina,United States
488,Pensacola,Florida,United States
740,Bielefeld,North Rhine-Westphalia,Germany
1523,Caluire-et-Cuire,Auvergne-Rhône-Alpes,France
74,San Diego,California,United States
47,Newark,Ohio,United States
1307,Klagenfurt,Carinthia,Austria
393,Noblesville,Indiana,United States
892,Boulogne-Billancourt,Ile-de-France,France
790,Sassari,Sardinia,Italy
1498,Lorca,Murcia,Spain
1268,Faches-Thumesnil,Hauts-de-France,France
822,Harlow,England,United Kingdom
811,Magdeburg,Saxony-Anhalt,Germany
1372,Fano,Marche,Italy
421,Hickory,North Carolina,United States
521,Redding,California,United States
115,New Rochelle,New York,United States
621,Littlehampton,England,United Kingdom
837,Muret,Languedoc-Roussillon-Midi-Pyrénées,France
517,Holland,Michigan,United States
1161,Barletta,Apulia,Italy
412,Overland Park,Kansas,United States
582,Mansfield,Texas,United States
413,Temecula,California,United States
1615,Hamar,Hedmark,Norway
656,Dundee,Scotland,United Kingdom
330,College Station,Texas,United States
339,Little Rock,Arkansas,United States
1382,Hereford,England,United Kingdom
1536,Landskrona,Skåne,Sweden
373,Summerville,South Carolina,United States
369,Bellingham,Washington,United States
1572,Bergerac,Aquitaine-Limousin-Poitou-Charentes,France
1019,Oxford,England,United Kingdom
420,Santa Fe,New Mexico,United States
1011,Oslo,Oslo,Norway
499,Waco,Texas,United States
686,Bisceglie,Apulia,Italy
912,Guyancourt,Ile-de-France,France
1243,Ragusa,Sicily,Italy
1430,Cercola,Campania,Italy
1467,Hattingen,North Rhine-Westphalia,Germany
812,Saint-Ouen,Ile-de-France,France
482,Avondale,Arizona,United States
1286,Flers,Normandy,France
1607,Recklinghausen,North Rhine-Westphalia,Germany
527,Caldwell,Idaho,United States
1038,Clamart,Ile-de-France,France
1321,Limay,Ile-de-France,France
576,Shelton,Connecticut,United States
194,Boca Raton,Florida,United States
435,Champaign,Illinois,United States
787,Apeldoorn,Gelderland,Netherlands
1468,Helmond,North Brabant,Netherlands
902,Forbach,Alsace-Champagne-Ardenne-Lorraine,France
652,Cesena,Emilia-Romagna,Italy
916,Erfurt,Thuringia,Germany
118,Columbus,Indiana,United States
810,Zurich,Zürich,Switzerland
114,Canton,Michigan,United States
357,Sparks,Nevada,United States
524,Conway,Arkansas,United States
124,Lindenhurst,New York,United States
1211,Hengelo,Overijssel,Netherlands
216,Lansing,Michigan,United States
1263,Neuwied,Rhineland-Palatinate,Germany
601,Lodi,California,United States
425,Lawrence,Indiana,United States
534,Des Plaines,Illinois,United States
946,Toulon,Provence-Alpes-Côte d'Azur,France
1240,Denain,Hauts-de-France,France
1608,Remscheid,North Rhine-Westphalia,Germany
1499,Lohne,Lower Saxony,Germany
135,Mesa,Arizona,United States
283,Kenosha,Wisconsin,United States
747,Talence,Aquitaine-Limousin-Poitou-Charentes,France
1029,Dax,Aquitaine-Limousin-Poitou-Charentes,France
