custID,fName,lName
LC-17140,Logan,Currie
DB-13120,David,Bremer
ME-17725,Max,Engle
MJ-17740,Max,Jones
JK-15370,Jay,Kimmel
GM-14500,Gene,McClure
DB-13360,Dennis,Bolton
BE-11335,Bill,Eplett
MC-17425,Mark,Cousins
MH-17440,Mark,Haberlin
CM-12445,Chuck,Magee
KN-16450,Kean,Nguyen
PF-19165,Philip,Fox
RA-19945,Ryan,Akin
BT-11395,Bill,Tyler
DK-12895,Dana,Kaydos
AS-10135,Adrian,Shami
CJ-11875,Carl,Jackson
JD-16150,Justin,Deggeller
JW-15220,Jane,Waco
SS-20515,Shirley,Schmidt
GD-14590,Giulietta,Dortch
LH-17155,Logan,Haushalter
FM-14215,Filia,McAdams
PW-19030,Pauline,Webber
MH-17455,Mark,Hamilton
WB-21850,William,Brown
RD-19660,Robert,Dilbeck
AB-10015,Aaron,Bergman
DM-12955,Dario,Medina
BB-10990,Barry,Blumstein
RB-19360,Raymond,Buch
AG-10270,Alejandro,Grove
BS-11755,Bruce,Stewart
AB-10255,Alejandro,Ballentine
HA-14920,Helen,Andreada
JF-15355,Jay,Fein
NP-18325,Naresj,Patel
FO-14305,Frank,Olsen
JM-15655,Jim,Mitchum
EH-14185,Evan,Henry
GZ-14470,Gary,Zandusky
JR-15670,Jim,Radford
CA-12310,Christine,Abelman
SC-20260,Scott,Cohen
SC-20020,Sam,Craven
AF-10870,Art,Ferguson
VP-21730,Victor,Preis
CK-12595,Clytie,Kelty
KB-16585,Ken,Black
JE-15715,Joe,Elijah
DS-13030,Darrin,Sayre
SE-20110,Sanjit,Engle
TP-21130,Theone,Pippenger
SN-20710,Steve,Nguyen
SJ-20125,Sanjit,Jacobs
RF-19735,Roland,Fjeld
Dp-13240,Dean,percer
CV-12805,Cynthia,Voltz
MO-17500,Mary,O'Rourke
HA-14905,Helen,Abelman
SG-20605,Speros,Goranitis
AW-10930,Arthur,Wiediger
NB-18580,Nicole,Brennan
EM-14140,Eugene,Moren
EB-13840,Ellis,Ballard
EN-13780,Edward,Nazzal
VP-21760,Victoria,Pisteka
AR-10510,Andrew,Roberts
BW-11065,Barry,Weirich
SO-20335,Sean,O'Donnell
CA-12775,Cynthia,Arntzen
KD-16615,Ken,Dana
MA-17560,Matt,Abelman
TB-21190,Thomas,Brumley
PC-19000,Pauline,Chand
TH-21235,Tiffany,House
PF-19120,Peter,Fuller
DB-13555,Dorothy,Badders
RK-19300,Ralph,Kennedy
JF-15565,Jill,Fjeld
CC-12610,Corey,Catlett
VF-21715,Vicky,Freymann
EA-14035,Erin,Ashbrook
AB-10060,Adam,Bellavance
JM-15865,John,Murray
CK-12325,Christine,Kargatis
MC-17635,Matthew,Clasen
JL-15835,John,Lee
CY-12745,Craig,Yedwab
CM-12655,Corinna,Mitchell
SC-20230,Scot,Coram
KB-16315,Karl,Braun
HL-15040,Hunter,Lopez
KA-16525,Kelly,Andreada
MB-18085,Mick,Brown
BO-11350,Bill,Overfelt
DK-12835,Damala,Kotsonis
ZD-21925,Zuschuss,Donatelli
ND-18460,Neil,Ducich
HZ-14950,Henia,Zydlo
MH-18115,Mick,Hernandez
TB-21175,Thomas,Boland
TC-20980,Tamara,Chand
CD-12280,Christina,DeMoss
MF-18250,Monica,Federle
ZC-21910,Zuschuss,Carroll
NW-18400,Natalie,Webber
CS-11845,Cari,Sayre
EB-13870,Emily,Burns
DN-13690,Duane,Noonan
JL-15850,John,Lucas
SG-20890,Susan,Gilcrest
SM-20005,Sally,Matthias
AG-10495,Andrew,Gjertsen
SC-20695,Steve,Chapman
JH-15430,Jennifer,Halladay
JJ-15760,Joel,Jenkins
LR-16915,Lena,Radford
AA-10645,Anna,Andreadi
ME-17320,Maria,Etezadi
SW-20275,Scott,Williamson
DL-13315,Delfina,Latchford
HM-14860,Harry,Marie
SC-20440,Shaun,Chance
CS-11860,Cari,Schnelling
ML-17410,Maris,LaWare
MG-17875,Michael,Grace
SC-20680,Steve,Carroll
BF-10975,Barbara,Fisher
CR-12625,Corey,Roper
BP-11185,Ben,Peterman
MC-17275,Marc,Crier
PO-18865,Patrick,O'Donnell
FM-14290,Frank,Merwin
SS-20590,Sonia,Sunley
VS-21820,Vivek,Sundaresam
BD-11770,Bryan,Davis
NC-18625,Noah,Childs
SM-20905,Susan,MacKendrick
BT-11305,Beth,Thompson
AG-10675,Anna,Gayman
HH-15010,Hilary,Holden
BS-11590,Brendan,Sweed
JA-15970,Joseph,Airdo
MS-17710,Maurice,Satty
MN-17935,Michael,Nguyen
BD-11500,Bradley,Drucker
MC-18130,Mike,Caudle
HG-15025,Hunter,Glantz
RE-19450,Richard,Eichhorn
MH-17620,Matt,Hagelstein
SA-20830,Sue,Ann
RH-19600,Rob,Haberlin
TN-21040,Tanja,Norvell
MG-17650,Matthew,Grinstein
JK-16090,Juliana,Krohn
DL-13330,Denise,Leinenbach
RF-19345,Randy,Ferguson
SU-20665,Stephanie,Ulpright
MG-17890,Michael,Granlund
EH-13945,Eric,Hoffmann
EM-13960,Eric,Murdock
SW-20245,Scot,Wooten
RD-19480,Rick,Duston
DG-13300,Deirdre,Greer
LS-16945,Linda,Southworth
KW-16435,Katrina,Willman
EB-14110,Eugene,Barchas
VD-21670,Valerie,Dominguez
MY-17380,Maribeth,Yedwab
SS-20140,Saphhira,Shifley
BD-11725,Bruce,Degenhardt
NH-18610,Nicole,Hansen
JD-15895,Jonathan,Doherty
BS-11380,Bill,Stewart
DH-13675,Duane,Huffman
GR-14560,Georgia,Rosenberg
JG-15805,John,Grady
YS-21880,Yana,Sorensen
LT-16765,Larry,Tron
DR-12940,Daniel,Raglin
TM-21010,Tamara,Manning
RB-19795,Ross,Baird
TM-21490,Tony,Molinari
MO-17950,Michael,Oakman
BP-11155,Becky,Pak
BV-11245,Benjamin,Venier
CH-12070,Cathy,Hwang
PV-18985,Paul,Van
TS-21505,Tony,Sayre
GT-14635,Grant,Thornton
HR-14830,Harold,Ryan
AO-10810,Anthony,O'Donnell
CS-12505,Cindy,Stewart
CP-12340,Christine,Phan
JB-15400,Jennifer,Braxton
AF-10885,Art,Foster
MY-18295,Muhammed,Yedwab
DF-13135,David,Flashing
BW-11200,Ben,Wallace
NC-18415,Nathan,Cano
SW-20455,Shaun,Weien
NZ-18565,Nick,Zandusky
BS-11365,Bill,Shonely
MG-17695,Maureen,Gnade
DE-13255,Deanra,Eno
LS-16975,Lindsay,Shagiari
RB-19330,Randy,Bradley
RB-19570,Rob,Beeghly
MC-18100,Mick,Crebagga
AM-10705,Anne,McFarland
VM-21835,Vivian,Mathis
JH-15820,John,Huston
VG-21790,Vivek,Gonzalez
CM-12235,Chris,McAfee
TP-21565,Tracy,Poddar
AA-10480,Andrew,Allen
JE-15745,Joel,Eaton
DJ-13420,Denny,Joy
EJ-13720,Ed,Jacobs
MG-17680,Maureen,Gastineau
MT-18070,Michelle,Tran
AJ-10780,Anthony,Jacobs
DO-13435,Denny,Ordway
EH-13990,Erica,Hackney
AH-10120,Adrian,Hane
DM-13015,Darrin,Martin
SG-20080,Sandra,Glassco
DL-12865,Dan,Lawera
ME-18010,Michelle,Ellison
QJ-19255,Quincy,Jones
MG-18205,Mitch,Gastineau
SC-20725,Steven,Cartwright
NC-18340,Nat,Carroll
PM-18940,Paul,MacIntyre
SF-20200,Sarah,Foster
KM-16375,Katherine,Murray
EH-13765,Edward,Hooks
MD-17860,Michael,Dominguez
AM-10360,Alice,McCarthy
RE-19405,Ricardo,Emerson
SB-20290,Sean,Braxton
KH-16360,Katherine,Hughes
AJ-10795,Anthony,Johnson
LC-16870,Lena,Cacioppo
BH-11710,Brosina,Hoffman
ML-17395,Marina,Lichtenstein
MZ-17515,Mary,Zewe
CL-12565,Clay,Ludtke
KT-16465,Kean,Takahito
KH-16330,Katharine,Harms
DJ-13510,Don,Jones
JL-15130,Jack,Lebron
PB-19210,Phillip,Breyer
DO-13645,Doug,O'Connell
JG-15115,Jack,Garza
ES-14020,Erica,Smith
MP-17965,Michael,Paige
RH-19555,Ritsa,Hightower
MS-17530,MaryBeth,Skach
RO-19780,Rose,O'Brian
MS-17770,Maxwell,Schwartz
CB-12535,Claudia,Bergmann
SD-20485,Shirley,Daniels
GH-14485,Gene,Hale
AY-10555,Andy,Yotov
BD-11560,Brendan,Dodson
BD-11320,Bill,Donatelli
MZ-17335,Maria,Zettner
AB-10600,Ann,Blume
TC-21295,Toby,Carlisle
KT-16480,Kean,Thornton
VG-21805,Vivek,Grady
LW-16990,Lindsay,Williams
AD-10180,Alan,Dominguez
TB-21400,Tom,Boeckenhauer
TS-21340,Toby,Swindell
DW-13480,Dianna,Wilson
KC-16540,Kelly,Collister
JS-15595,Jill,Stevenson
CS-12460,Chuck,Sachs
RP-19390,Resi,Pölking
JK-15730,Joe,Kamberova
CC-12145,Charles,Crestani
SH-20635,Stefanie,Holloman
LE-16810,Laurel,Elliston
CS-12490,Cindy,Schnelling
CS-12250,Chris,Selesnick
AH-10585,Angele,Hood
TD-20995,Tamara,Dahlen
MS-17980,Michael,Stewart
JC-15385,Jenna,Caffey
JG-15310,Jason,Gross
BT-11530,Bradley,Talbott
VT-21700,Valerie,Takahito
PP-18955,Paul,Prost
TB-21625,Trudy,Brown
JL-15175,James,Lanier
SR-20425,Sharelle,Roach
FP-14320,Frank,Preis
EK-13795,Eileen,Kiefer
TS-21370,Todd,Sumrall
JO-15145,Jack,O'Briant
NP-18700,Nora,Preis
KL-16555,Kelly,Lampkin
DH-13075,Dave,Hallsten
AT-10735,Annie,Thurman
RD-19810,Ross,DeVincentis
JL-15505,Jeremy,Lonsdale
SP-20860,Sung,Pak
KH-16510,Keith,Herrera
LS-17200,Luke,Schmidt
NF-18595,Nicole,Fjeld
SP-20620,Stefania,Perrino
TS-21160,Theresa,Swint
CL-11890,Carl,Ludwig
YC-21895,Yoseph,Carroll
CC-12370,Christopher,Conant
DP-13000,Darren,Powers
JS-15940,Joni,Sundaresam
JB-16000,Joy,Bell-
PC-18745,Pamela,Coakley
MM-18280,Muhammed,MacIntyre
AR-10540,Andy,Reiter
DV-13465,Dianna,Vittorini
LL-16840,Lauren,Leatherbury
SG-20470,Sheri,Gordon
MH-18025,Michelle,Huthwaite
VW-21775,Victoria,Wilson
NR-18550,Nick,Radford
TZ-21580,Tracy,Zic
JF-15190,Jamie,Frazer
TB-21280,Toby,Braunhardt
RW-19540,Rick,Wilson
RR-19525,Rick,Reed
CK-12760,Cyma,Kinney
GH-14425,Gary,Hwang
PH-18790,Patricia,Hirasaki
CC-12100,Chad,Cunningham
MC-17605,Matt,Connell
MM-18055,Michelle,Moray
RC-19825,Roy,Collins
MC-17845,Michael,Chen
GH-14665,Greg,Hansen
AZ-10750,Annie,Zypern
BM-11575,Brendan,Murry
TB-21250,Tim,Brockman
TC-21475,Tony,Chapman
PK-18910,Paul,Knutson
HF-14995,Herbert,Flentye
SF-20065,Sandra,Flanagan
JR-15700,Jocasta,Rupert
MR-17545,Mathew,Reese
NM-18520,Neoma,Murray
PO-19180,Philisse,Overcash
NG-18355,Nat,Gilpin
BF-11170,Ben,Ferrer
SC-20095,Sanjit,Chand
CM-12715,Craig,Molinari
SP-20650,Stephanie,Phelps
LS-17230,Lycoris,Saunders
CP-12085,Cathy,Prescott
FH-14365,Fred,Hopkins
LW-17215,Luke,Weiss
JD-16060,Julia,Dunbar
KM-16720,Kunst,Miller
LR-17035,Lisa,Ryan
KD-16345,Katherine,Ducich
EH-14005,Erica,Hernandez
SV-20815,Stuart,Van
CL-12700,Craig,Leslie
CM-11830,Cari,MacIntyre
LS-17245,Lynn,Smith
MS-17365,Maribeth,Schnelling
CG-12520,Claire,Gute
PO-19195,Phillina,Ober
ML-18265,Muhammed,Lee
JK-15325,Jason,Klamczynski
JW-15955,Joni,Wasserman
JB-16045,Julia,Barnett
HG-14965,Henry,Goldwyn
FH-14350,Fred,Harton
AR-10345,Alex,Russell
LC-16885,Lena,Creighton
GH-14410,Gary,Hansen
NL-18310,Nancy,Lomonaco
NF-18385,Natalie,Fritzler
GK-14620,Grace,Kelly
BM-11785,Bryan,Mills
NS-18505,Neola,Schneider
LP-17095,Liz,Preis
IG-15085,Ivan,Gibson
GG-14650,Greg,Guthrie
DK-13090,Dave,Kipp
CD-12790,Cynthia,Delaney
SJ-20215,Sarah,Jordon
AR-10570,Anemone,Ratner
EM-14200,Evan,Minnotte
JM-15580,Jill,Matthias
RR-19315,Ralph,Ritter
JP-15520,Jeremy,Pistek
LP-17080,Liz,Pelletier
CM-11815,Candace,McMahon
JO-15550,Jesus,Ocampo
ML-18040,Michelle,Lonsdale
RS-19765,Roland,Schwarz
RM-19375,Raymond,Messe
DC-12850,Dan,Campbell
CC-12550,Clay,Cheatham
TG-21640,Trudy,Glocke
AH-10195,Alan,Haines
CV-12295,Christina,VanderZanden
PL-18925,Paul,Lucas
JG-15160,James,Galang
SC-20050,Sample,Company
KN-16705,Kristina,Nunn
BN-11515,Bradley,Nguyen
EM-14065,Erin,Mull
BE-11455,Brad,Eason
MW-18220,Mitch,Webber
CR-12580,Clay,Rozendal
LM-17065,Liz,MacKendrick
NP-18670,Nora,Paige
RF-19840,Roy,Französisch
KB-16240,Karen,Bern
TH-21550,Tracy,Hopkins
AR-10825,Anthony,Rawles
GA-14515,George,Ashbrook
TC-21535,Tracy,Collins
GT-14710,Greg,Tran
EB-13750,Edward,Becker
EP-13915,Emily,Phan
SS-20875,Sung,Shariari
AW-10840,Anthony,Witt
MW-18235,Mitch,Willingham
AS-10240,Alan,Shonely
BG-11740,Bruce,Geld
HW-14935,Helen,Wasserman
AG-10390,Allen,Goldenen
NP-18685,Nora,Pelletier
JM-15535,Jessica,Myrick
IM-15055,Ionia,McGrath
TR-21325,Toby,Ritter
PB-18805,Patrick,Bzostek
DR-12880,Dan,Reichenbach
DD-13570,Dorothy,Dickinson
SC-20380,Shahid,Collister
PG-18820,Patrick,Gardner
JP-16135,Julie,Prescott
SP-20920,Susan,Pistek
LT-17110,Liz,Thompson
EC-14050,Erin,Creighton
EM-14095,Eudokia,Martin
MC-17575,Matt,Collins
JD-16015,Joy,Daniels
LD-16855,Lela,Donovan
BC-11125,Becky,Castell
JH-15985,Joseph,Holt
PM-19135,Peter,McVee
HD-14785,Harold,Dahlen
JF-15490,Jeremy,Farry
SV-20785,Stewart,Visinsky
IM-15070,Irene,Maddox
GA-14725,Guy,Armstrong
SH-20395,Shahid,Hopkins
AB-10150,Aimee,Bixby
JK-16120,Julie,Kriz
AS-10225,Alan,Schoenberger
FM-14380,Fred,McMath
BE-11410,Bobby,Elias
HP-14815,Harold,Pawlan
PA-19060,Pete,Armstrong
TH-21115,Thea,Hudgings
JP-15460,Jennifer,Patt
AB-10165,Alan,Barnes
BS-11665,Brian,Stugart
CK-12205,Chloris,Kastensmidt
AP-10720,Anne,Pryor
BF-11080,Bart,Folk
FC-14335,Fred,Chung
BM-11140,Becky,Martin
JR-16210,Justin,Ritter
AS-10285,Alejandro,Savely
AS-10045,Aaron,Smayling
ND-18370,Natalie,DeCherney
LB-16735,Larry,Blacks
DK-12985,Darren,Koutras
DS-13180,David,Smith
RA-19885,Ruben,Ausman
JB-15925,Joni,Blumstein
RP-19855,Roy,Phan
TT-21220,Thomas,Thornton
TB-21055,Ted,Butterfield
TT-21460,Tonja,Turnell
DL-13495,Dionis,Lloyd
MP-18175,Mike,Pelletier
DB-13210,Dean,Braden
PF-19225,Phillip,Flathmann
GZ-14545,George,Zrebassa
SS-20410,Shahid,Shariari
EB-13975,Erica,Bern
FA-14230,Frank,Atkinson
DV-13045,Darrin,Van
RD-19720,Roger,Demir
CS-11950,Carlos,Soltero
AC-10615,Ann,Chong
FW-14395,Fred,Wasserman
GP-14740,Guy,Phonely
PK-19075,Pete,Kriz
TH-21100,Thea,Hendricks
SC-20575,Sonia,Cooley
CD-11920,Carlos,Daly
CM-12160,Charles,McCrossin
AS-10090,Adam,Shillingsburg
MD-17350,Maribeth,Dona
MT-17815,Meg,Tillman
HM-14980,Henry,MacAllister
AI-10855,Arianne,Irving
AG-10300,Aleksandra,Gannaway
EM-13810,Eleni,McCrary
KB-16405,Katrina,Bavinger
DK-13225,Dean,Katz
AJ-10945,Ashley,Jarboe
PJ-19015,Pauline,Johnson
MF-17665,Maureen,Fritzler
CG-12040,Catherine,Glotzbach
AA-10315,Alex,Avila
RB-19645,Robert,Barroso
KW-16570,Kelly,Williams
PN-18775,Parhena,Norris
ML-17755,Max,Ludwig
RM-19750,Roland,Murray
EM-13825,Elizabeth,Moffitt
AP-10915,Arthur,Prichep
DM-13525,Don,Miller
MO-17800,Meg,O'Connel
MS-17830,Melanie,Seite
TS-21610,Troy,Staebel
BD-11620,Brian,DeCherney
JF-15415,Jennifer,Ferguson
JD-15790,John,Dryer
JH-15910,Jonathan,Howell
ED-13885,Emily,Ducich
GM-14680,Greg,Matthias
CM-12385,Christopher,Martinez
GM-14440,Gary,McGarr
EL-13735,Ed,Ludwig
SF-20965,Sylvia,Foulston
SC-20305,Sean,Christensen
JC-15340,Jasper,Cacioppo
TP-21415,Tom,Prescott
HK-14890,Heather,Kirkland
GM-14695,Greg,Maxwell
GM-14455,Gary,Mitchum
HR-14770,Hallie,Redmond
BD-11635,Brian,Derr
Dl-13600,Dorris,liebe
SC-20770,Stewart,Carmichael
AG-10330,Alex,Grayson
CR-12730,Craig,Reiter
BB-11545,Brenda,Bowman
BT-11440,Bobby,Trafton
BP-11095,Bart,Pistole
BT-11680,Brian,Thompson
RB-19435,Richard,Bierner
AC-10660,Anna,Chung
SW-20350,Sean,Wendt
AC-10420,Alyssa,Crouse
KB-16600,Ken,Brennan
CT-11995,Carol,Triggs
LF-17185,Luke,Foster
JS-16030,Joy,Smith
BD-11605,Brian,Dahlen
PS-18970,Paul,Stevenson
CA-11965,Carol,Adams
DB-13270,Deborah,Brumfield
JE-15610,Jim,Epp
GT-14755,Guy,Thornton
CJ-12010,Caroline,Jumper
BW-11110,Bart,Watters
ES-14080,Erin,Smith
PR-18880,Patrick,Ryan
SV-20365,Seth,Vernon
RD-19585,Rob,Dowd
KS-16300,Karen,Seio
MC-17590,Matt,Collister
LC-17050,Liz,Carlisle
TS-21655,Trudy,Schmidt
DB-13060,Dave,Brooks
LH-17020,Lisa,Hazard
AG-10525,Andy,Gerbode
AG-10765,Anthony,Garverick
NC-18535,Nick,Crebassa
MH-17785,Maya,Herman
AA-10375,Allen,Armold
AB-10105,Adrian,Barton
LW-16825,Laurel,Workman
DC-13285,Debra,Catini
AJ-10960,Astrea,Jones
GW-14605,Giulietta,Weimer
AC-10450,Amy,Cox
RH-19510,Rick,Huthwaite
KN-16390,Katherine,Nockton
JC-15775,John,Castell
CM-12115,Chad,McGuire
MV-18190,Mike,Vittorini
BP-11290,Beth,Paige
BT-11485,Brad,Thomas
PS-18760,Pamela,Stobb
NB-18655,Nona,Balk
RB-19465,Rick,Bensley
CS-12400,Christopher,Schild
BP-11050,Barry,Pond
SB-20185,Sarah,Brown
TS-21430,Tom,Stivers
LH-16750,Larry,Hughes
SC-20845,Sung,Chung
JL-15235,Janet,Lee
BP-11230,Benjamin,Patterson
LC-16960,Lindsay,Castell
LD-17005,Lisa,DeCherney
SB-20170,Sarah,Bern
LA-16780,Laura,Armstrong
EB-14170,Evan,Bailliet
JH-16180,Justin,Hirsh
SZ-20035,Sam,Zeldin
RA-19285,Ralph,Arnett
TG-21310,Toby,Gnade
KM-16225,Kalyca,Meade
RL-19615,Rob,Lucas
JM-16195,Justin,MacKendrick
DW-13195,David,Wiener
KC-16675,Kimberly,Carter
KH-16690,Kristen,Hastings
JS-15880,John,Stevenson
DJ-13630,Doug,Jacobs
FG-14260,Frank,Gastineau
TS-21205,Thomas,Seio
PB-19105,Peter,Bühler
RB-19705,Roger,Barcio
SR-20740,Steven,Roelle
KE-16420,Katrina,Edelman
AH-10030,Aaron,Hawkins
SH-19975,Sally,Hughsby
MM-17920,Michael,Moore
CB-12415,Christy,Brittain
BF-11215,Benjamin,Farhat
SM-20950,Suzanne,McNair
CW-11905,Carl,Weiss
AG-10900,Arthur,Gainer
LC-16930,Linda,Cazamias
EG-13900,Emily,Grady
MV-17485,Mark,Van
SW-20755,Steven,Ward
HE-14800,Harold,Engle
PT-19090,Pete,Takahito
CR-12820,Cyra,Reiten
PB-19150,Philip,Brown
SC-20800,Stuart,Calhoun
SP-20545,Sibella,Parks
CS-12355,Christine,Sundaresam
JW-16075,Julia,West
AH-10690,Anna,Häberlin
RH-19495,Rick,Hansen
TB-21520,Tracy,Blumstein
AH-10210,Alan,Hwang
RM-19675,Robert,Marley
DK-13150,David,Kendrick
GB-14530,George,Bell
RP-19270,Rachel,Payne
DA-13450,Dianna,Arnett
JO-15280,Jas,O'Carroll
ST-20530,Shui,Tom
KM-16660,Khloe,Miller
AH-10465,Amy,Hunt
CD-11980,Carol,Darley
CL-12640,Corey,Lock
MG-18145,Mike,Gockenbach
JK-15625,Jim,Karlsson
CS-12130,Chad,Sievert
JS-15685,Jim,Sink
BK-11260,Berenike,Kampe
SL-20155,Sara,Luxemburg
JE-15475,Jeremy,Ellison
CM-12190,Charlotte,Melton
RW-19690,Robert,Waldorf
DM-13345,Denise,Monton
BN-11470,Brad,Norvell
MK-17905,Michael,Kennedy
JC-16105,Julie,Creighton
MB-17305,Maria,Bertelson
DB-12910,Daniel,Byrd
VM-21685,Valerie,Mitchum
NG-18430,Nathan,Gelder
OT-18730,Olvera,Toch
KF-16285,Karen,Ferguson
DK-13375,Dennis,Kane
HJ-14875,Heather,Jas
PO-18850,Patrick,O'Brill
RS-19870,Roy,Skaria
PJ-18835,Patrick,Jones
IL-15100,Ivan,Liston
LH-16900,Lena,Hernandez
RD-19930,Russell,D'Ascenzo
KH-16630,Ken,Heidel
BF-11020,Barry,Französisch
NF-18475,Neil,Französisch
NK-18490,Neil,Knudson
RC-19960,Ryan,Crowe
CA-12055,Cathy,Armstrong
CB-12025,Cassandra,Brandow
JK-15640,Jim,Kriz
MH-17290,Marc,Harrigan
LW-17125,Liz,Willingham
KD-16495,Keith,Dawkins
FH-14275,Frank,Hawley
SJ-20500,Shirley,Jackson
JM-15265,Janet,Molinari
TC-21145,Theresa,Coyne
BF-11275,Beth,Fritzler
GB-14575,Giulietta,Baptist
MP-17470,Mark,Packer
SK-19990,Sally,Knutson
DB-13660,Duane,Benoit
DP-13105,Dave,Poirier
CC-12220,Chris,Cortes
FC-14245,Frank,Carlisle
EB-13705,Ed,Braxton
TT-21265,Tim,Taslimi
DL-12925,Daniel,Lacy
BG-11695,Brooke,Gillingham
ER-13855,Elpida,Rittenbach
CS-12175,Charles,Sheldon
VB-21745,Victoria,Brennan
AS-10630,Ann,Steele
AR-10405,Allen,Rosenblatt
CC-12475,Cindy,Chapman
KL-16645,Ken,Lonsdale
LO-17170,Lori,Olson
SM-20320,Sean,Miller
EB-13930,Eric,Barreto
KD-16270,Karen,Daniels
JM-15250,Janet,Martin
MA-17995,Michelle,Arnett
DW-13585,Dorothy,Wardle
NS-18640,Noel,Staavos
CA-12265,Christina,Anderson
SN-20560,Skye,Norling
DB-13405,Denny,Blanton
BO-11425,Bobby,Odegard
TZ-21445,Tom,Zandusky
JJ-15445,Jennifer,Jackson
EH-14125,Eugene,Hildebrand
CC-12685,Craig,Carroll
TA-21385,Tom,Ashbrook
MM-17260,Magdelene,Morse
SV-20935,Susan,Vittorini
TB-21355,Todd,Boyes
TB-21595,Troy,Blackwell
BG-11035,Barry,Gonzalez
RW-19630,Rob,Williams
KC-16255,Karen,Carlisle
JK-15205,Jamie,Kunitz
DP-13165,David,Philippe
ON-18715,Odella,Nelson
PS-19045,Penelope,Sewall
RD-19900,Ruben,Dartt
HG-14845,Harry,Greene
EJ-14155,Eva,Jacobs
AT-10435,Alyssa,Tate
PG-18895,Paul,Gonzalez
XP-21865,Xylona,Preis
DB-12970,Darren,Budd
TW-21025,Tamara,Willingham
BM-11650,Brian,Moss
TT-21070,Ted,Trevino
NM-18445,Nathan,Mautz
DB-13615,Doug,Bickford
BF-11005,Barry,Franz
BS-11800,Bryan,Spruell
CM-11935,Carlos,Meador
RS-19420,Ricardo,Sperren
JE-16165,Justin,Ellison
CC-12670,Craig,Carreira
CC-12430,Chuck,Clark
AH-10075,Adam,Hart
TS-21085,Thais,Sissman
MK-18160,Mike,Kennedy
DP-13390,Dennis,Pardue
PW-19240,Pierre,Wener
DW-13540,Don,Weiss
JF-15295,Jason,Fortune-
RA-19915,Russell,Applegate
LB-16795,Laurel,Beltran
